"grdc_no","river","station","country","lat","long","area"
6112080,"TAMEGA","PONTE DE CANAVEZES","PT",41.2,-8.17,3180
6114500,"MONDEGO","PONTE DE IONCAIS","PT",40.61,-7.52,606
6115500,"SADO","M.DA GAMITINHA","PT",38.07,-8.4,2721
6115800,"ODELOUCA","M.DOS PACHECOS","PT",37.3,-8.47,386
6116200,"GUADIANA","PULO DO LOBO","PT",37.82,-7.63,60883
6118010,"CLAIE","SAINT-JEAN-BREVELAY","FR",47.8248,-2.7033,137
6118015,"YVEL","LOYAT (PONT D129)","FR",47.9938,-2.3688,315
6118020,"RUISSEAUX D'ARON","GRAND-FOUGERAY (LA BERNADAISE)","FR",47.7122,-1.6908,118
6118060,"EVEL","GUENIN","FR",47.8999,-2.9752,316
6118070,"STER-GOZ","BANNALEC (PONT MEYA)","FR",47.9068,-3.7522,70
6118090,"JET","ERGUE-GABERIC","FR",47.9879,-4.0145,107
6118160,"PENZE","TAULE (PENHOAT)","FR",48.5848,-3.9241,141
6118165,"RISLE","RAI","FR",48.7479,0.5806,149
6118185,"NEAL","MEDREAC","FR",48.2716,-2.0435,82
6118195,"RUISSEAUX LE GUIOULT","EPINIAC","FR",48.5251,-1.6895,63
6118205,"LOISANCE","SAINT-OUEN-LA-ROUERIE","FR",48.427,-1.4364,82
6118210,"MEU","MONFORT-SUR-MEU (LABBAYE)","FR",48.1275,-1.9448,468
6118230,"BETHUNE","SAINT-AUBIN-LE-CAUF","FR",49.8631,1.1848,946
6119010,"GAVE DE PAU","BERENX (PONT DE BERENX)","FR",43.5078,-0.8537,2575
6119020,"GAVE D'OSSAU","OLORON-SAINTE-MARIE (OLORON-STE-CROIX)","FR",43.1877,-0.5971,488
6119030,"GAVE D'OLORON","OLORON-SAINTE-MARIE (OLORON-SNCF)","FR",43.1979,-0.6085,1085
6119040,"SAISON","MAULEON-LICHARRE","FR",43.2459,-0.8749,480
6119050,"NIVE DES ALDUDES","SAINT-ETIENNE-DE-BAIGORRY","FR",43.1834,-1.3372,156
6119100,"LOUET","SOMBRUN","FR",43.48,0,84
6119110,"ECHEZ","LOUEY","FR",43.1746,0.0217,90
6119120,"ARROS","GOURGUE","FR",43.1306,0.2588,173
6119200,"LEYRE","SALLES","FR",44.5472,-0.872,1650
6119300,"GRAND LAY","SAINT-PROUANT (MONSIREIGNE)","FR",46.7493,-0.9518,131
6119310,"PETIT LAY","SAINT-HILAIRE-LE-VOUHIS","FR",46.6858,-1.1137,305
6119320,"LOUING","CHANTONNAY (ST-PHILBERT DU PONT CHARRAUL","FR",46.6687,-0.9717,120
6121240,"CHIERS","CARIGNAN","FR",49.6284,5.1587,1967
6122102,"SEINE","NOD-SUR-SEINE","FR",47.4133,3.4931,371
6122110,"AISNE","MOURON","FR",49.3072,4.7822,2280
6122120,"SAULX","VITRY-EN-PERTHOIS","FR",48.7451,4.626,2100
6122130,"ORGE","MORSANG-SUR-ORGE","FR",48.6667,2.3406,922
6122135,"REMARDE","SAINT-CYR-SOUS-DOURDAN","FR",48.56,2.0316,147
6122140,"OISE (TRIB. SEINE)","HIRSON","FR",49.9222,4.0684,315
6122141,"OISE (TRIB. SEINE)","SEMPIGNY","FR",49.5592,2.9932,4290
6122145,"THON","ORIGNY-EN-THIERACHE","FR",49.8941,4.0183,258
6122150,"EURE","SAINT-LUPERCE","FR",48.4482,1.2907,330
6122155,"RUISSEAUX L'YSIEUX","VIARMES (GIEZ+BERTINVAL)","FR",49.1325,2.4152,57
6122160,"CURE","MARIGNY-EGLISE (MENEFRIERS+CROTTEFROU)","FR",48.6667,2.3406,221
6122170,"SAUZAY","CORVOL-ORGUEILLEUX","FR",48.56,2.0316,81
6122180,"BEUVRON","OUAGNE (CHAMPMOREAU)","FR",48.3368,2.7879,264
6122200,"OURCE","AUTRICOURT","FR",47.353,3.9635,248
6122220,"VENCE","FRANCHEVILLE","FR",47.7637,4.5699,124
6122240,"LOING","EPISY","FR",48.3368,2.7879,3900
6122350,"ORGEVAL","LE THEIL","FR",48.5,3.7,104
6123140,"EVRE","CHAPELLE-SAINT-FLORENT (PONT DALAINE)","FR",47.3091,-1.0525,460
6123150,"OGNON (TRIB. LOIRE)","LES SORINIERES (VILLENEUVE)","FR",47.1207,-1.5328,147
6123160,"SEVRE NANTAISE","TIFFAUGES (LA MOULINETTE)","FR",47.0172,-1.1162,814
6123170,"ERDRE","NORT-SUR-ERDRE (MOULIN DE VAUX)","FR",47.4629,-1.4816,472
6123171,"ERDRE","CANDE (LA GREE)","FR",47.5586,-1.0495,169
6123180,"LAYON","SAINT-LAMBERT-DU-LATTAY (PONT BEZIGON)","FR",47.3152,-0.6328,920
6123181,"LAYON","SAINT-GEORGES-SUR-LAYON","FR",47.1921,-0.375,250
6123190,"JOUANNE","FORCE","FR",48.0325,-0.7059,410
6123200,"ERNEE","ANDOUILLE (LES VAUGEOIS)","FR",48.1666,-0.7779,375
6123210,"ORNE SAOSNOISE","MONTBIZOT (MOULIN NEUF CIDRERIE)","FR",48.1587,0.2044,510
6123220,"BRAYE","VALENNES (LA CABOCHE)","FR",48.0134,0.8191,270
6123230,"ESCOTAIS","SAINT-PATERNE-RACAN","FR",47.6021,0.478,67
6123250,"INDRE","SAINT-CYRAN-DU-JAMBOT","FR",47.016,1.1266,1712
6123270,"ECHAUDON","SAINT-BRANCHS","FR",47.2464,0.8184,127
6123350,"SAULDRE","SELLES-SUR-CHER","FR",47.2856,1.5344,2254
6123380,"TARDES","EVAUX-LES-BAINS","FR",46.1835,2.4444,854
6123400,"VIENNE","NOUATRE","FR",47.0488,0.5444,19920
6123401,"VIENNE","PEYREVELADE (SERVIERES)","FR",45.7012,2.0068,58
6123420,"GLANE","SAINT-JUNIEN (LE DEROT)","FR",45.9122,0.915,288
6123430,"BRIANCE","CONDAT-SUR-VIENNE (CHAMBON VEYRINAS)","FR",45.7558,1.2396,597
6123440,"VIGE","SAINT-MARTIN-SAINTE CATHERINE","FR",45.9552,1.5779,134
6123450,"CREUSE","FRESSELINES","FR",46.3775,1.6785,1235
6123451,"CREUSE","FELLETIN","FR",45.8875,2.1667,165
6123460,"PETITE CREUSE","FRESSELINES (PUY RAGEAUD)","FR",46.385,1.6885,850
6123461,"PETITE CREUSE","GENOUILLAC","FR",46.3662,1.9922,558
6123470,"ROZEILLE","MOUTIER-ROZEILLE (AUBUSSON)","FR",45.931,2.1767,186
6123501,"LOIRE","USCLADES-ET-RIEUTORD (RIEUTORD)","FR",44.7716,4.1563,62
6123550,"THOLON","CHAMPVALLON","FR",47.9333,3.35,131
6123560,"OUANNE","TOUCY","FR",47.7333,3.3,153
6123610,"BOUBLON LAGEES","FOURILLES","FR",46.2427,3.1977,71
6123620,"DORE (TRIB. LOIRE)","TOURS-SUR-MEYMONT (GIROUX)","FR",45.6884,3.6099,655
6123630,"RUISSEAUX AILLOUX","MANGLIEU (MOULIN DE LAVAUR)","FR",45.6219,3.3575,73
6123640,"ALAGNON","LEMPDES","FR",45.3814,3.2641,984
6123641,"ALAGNON","JOURSAC (JOURSAC-LE-VIALARD)","FR",45.1616,3.0288,310
6123645,"ALLANCHE","JOURSAC (PONT DE VERNET)","FR",45.1335,3.0064,157
6123650,"SENOUIRE","PAULHAGUET","FR",45.1966,3.522,155
6123700,"DRAGNE","VANDENESSE","FR",46.91,3.7631,115
6123710,"ARROUX","RIGNY-SUR-ARROUX","FR",46.5337,4.0339,2277
6123720,"SELLE","CELLE-EN-MORVAN (POLROY)","FR",47.0041,4.1959,138
6123730,"BOURBINCE","VITRY-EN-CHAROLLAIS","FR",46.4749,4.0764,819
6123740,"COISE","SAINT-MEDARD-EN-FOREZ (MOULIN BRULE)","FR",45.6068,4.3749,165
6123741,"COISE","NEZELLE","FR",45.63,4.53,61
6123750,"SEMENE","SAINT-DIDIER-ENVELAY (LE CROUZET)","FR",45.3127,4.2502,134
6123760,"ANCE DU NORD","SAINT-JULIEN-D'ANCE (LAPRAT)","FR",45.3068,3.9382,354
6123770,"DUNIERE","SAINTE-SIGOLENE (VAUBARLET)","FR",45.2138,4.214,228
6123780,"LIGNON DU VELAY","CHAMBON-AU-LIGNON","FR",45.0569,4.3004,139
6123790,"SAUNADE","PONTAUMUR","FR",45.8698,2.6735,112
6123800,"VINCOU","BELLAC","FR",46.1334,1.0206,286
6123810,"SEMME","DROUX","FR",46.1499,1.1416,177
6123820,"GARTEMPE","FOLLES (BESSINES)","FR",46.1128,1.4327,570
6123825,"ARDOUR","FOLLES (FORGEFER)","FR",46.0958,1.4952,131
6124200,"RUISSEAUX L'EYRAUD","FORCE (BITAREL)","FR",44.8886,0.3659,74
6124300,"CEOU","SAINT-CYBRANET","FR",44.7885,1.1706,603
6124400,"MARONNE","PLEAUX (ENCHANET)","FR",45.0824,2.1942,513
6124401,"MARONNE","SAINTE-EULALIE","FR",45.118,2.3841,112
6124410,"MARS","BASSIGNAC (PONT DE VENDES)","FR",45.296,2.3872,117
6124430,"SANTOIRE","CONDAT (ROCHE-POINTUE)","FR",45.3334,2.7514,172
6124440,"BURANDE","SINGLES","FR",45.5429,2.5421,85
6124501,"VEZERE","CAMPAGNE","FR",44.903,0.9591,3736
6124502,"VEZERE","BUGEAT","FR",45.6031,1.9237,143
6124510,"ROSEIX","VARS-SUR-ROSEIX","FR",45.2612,1.3802,58
6124520,"LOYRE","VOUTEZAC","FR",45.3052,1.4146,103
6124600,"DRONNE","ST-PARDOUX-LA-RIVIERE (LE MANET)","FR",45.5149,0.7492,140
6125160,"AUSSONNELLE","SEILH","FR",43.7,1.35,192
6125220,"ARBAS","CASTELBIAGUE (PONT DE RRADES)","FR",43.0453,0.9282,98
6125230,"ARAC","SOULAN (FREYCHET)","FR",42.8982,1.2313,169
6125240,"QUIOULES","CHATEAU-VERDUN (RIETE 2)","FR",42.7127,1.6453,53
6125250,"DOUCTOUIRE","VIRA (ENGRAVIES)","FR",43.0426,1.7721,131
6125260,"BLAU","CHALABRE","FR",42.9769,2.0153,67
6125300,"CHAPOUROUX","HERMET","FR",44.19,3.36,125
6125320,"MUZE","MONTJAUX (STAINT-HIPPOLYTE)","FR",44.0808,2.9212,112
6125330,"DOURBIE","NANT (PONT DE GARDIES)","FR",44.0719,3.2897,300
6125350,"MIMENTE","FLORAC","FR",44.3167,3.6,125
6125360,"TARN","ST-VICTOR-ET-MELVIEU (PINET)","FR",44.0702,2.8024,2677
6125361,"TARN","MONTBRUN (PONT DE MONTBRUN)","FR",44.333,3.4961,621
6125362,"TARN","BEDOUES (COCURES)","FR",44.3448,3.6179,189
6125363,"TARN","PONT-DE-MONTVERT (FONTCHALETTES)","FR",44.3606,3.7539,67
6125440,"VOLP","MONTBERAUD (STE-CROIX-VOLVESTRE)","FR",43.1438,1.1413,91
6125540,"DADOU","PAULINET (ST-JEAN-DE-JEANNE)","FR",43.8212,2.4401,72
6125600,"CELE","FIGEAC (MERLANCON)","FR",44.5875,1.9842,676
6125610,"RUISSEAU ALZOU","VILLEFRANCHE-DE-ROUERGUE (BARRAGE CABAL)","FR",44.3559,2.0489,199
6125620,"AVEYRON","PALMAS (PONT DE MANSON)","FR",44.3982,2.8455,270
6125640,"BES (TRIB. GARONNE)","SAINT-JUERY","FR",44.8254,3.085,283
6125641,"BES (TRIB. GARONNE)","MARCHASTEL (GOUR DU GOU - 2)","FR",44.6372,3.1095,136
6125650,"ANDER","SAINT-GEORGES","FR",45.0109,3.1277,310
6125660,"LOT","BALSIEGES (BRAMONAS)","FR",44.4826,3.4252,465
6125670,"VIAUR","ARQUES","FR",44.3076,2.8012,138
6125680,"RUISSEAU LE VIOULOU","SALLES-CURAN (TREBONS-BAS)","FR",44.2093,2.8128,57
6125710,"SERENE","ST-ANDRE-DE-NAJAC (CANABRAL)","FR",44.2079,2.0431,103
6125720,"GIFFOU","ST-JUST-SUR-VIAUR (LA FABREGUERIE)","FR",44.1079,2.4343,175
6128050,"RUISSEAU FRESQUEL","VILLEPINTE","FR",43.17,2.5,216
6128100,"AUDE","CARCASSONNE (PONT NEUF)","FR",43.2133,2.3601,1770
6128200,"MASSANE","ARGELES-SUR-MER (MAS D'EN TORRENT)","FR",42.5247,2.9857,676
6128220,"VERDOUBLE","TAUTAVEL","FR",42.8094,2.7431,305
6128350,"LERGUE","LODEVE","FR",43.7273,3.3232,228
6128370,"VIS","SAINT-LAURENT-LE-MINIER","FR",43.9389,3.6812,332
6128380,"ARRE","VIGAN (LA TERRISSE)","FR",43.9994,3.6579,159
6128610,"AILLE","VIDAUBAN (LE BAOU)","FR",43.3941,6.4529,168
6128630,"REAL MARTIN","LA CRAU (DECAPRIS)","FR",43.1856,6.1112,277
6128701,"VAR","MALAUSSENE (LA MESCLA)","FR",43.9076,7.1953,1830
6128702,"VAR","ENTREVAUX (PONT LEVIS)","FR",43.9485,6.8095,676
6128710,"TINEE","ST. ETIENNE DE TINEE","FR",44.252,6.9339,167
6135100,"THUR (FR)","VILLER","FR",48.08,7.38,159
6135110,"RUISEAU LE SELTZBACH","NIEDERROEDERN","FR",48.9027,8.048,202
6135120,"MODER","SCHWEIGHOUSE-SUR-MODER D/S","FR",48.8218,7.7416,622
6135200,"BRUCHE","WISCHES","FR",48.5,7.28,230
6135210,"LIEPVRETTE","LIEPVRE","FR",48.2692,7.292,108
6136100,"SEILLE (TRIB. MOSELLE)","METZ","FR",49.0996,6.1872,1280
6136150,"MADON","PULLIGNY","FR",48.5441,6.1316,940
6136151,"MADON","MIRECOURT","FR",48.3013,6.1357,382
6136160,"MEURTHE","SAINT-DIE","FR",48.2837,6.9555,374
6136200,"MOSELLE RIVER","EPINAL","FR",48.1646,6.4521,1220
6136201,"MOSELLE RIVER","SAINT-NABOR (NOIR GUEUX)","FR",48.0652,6.6101,621
6136202,"MOSELLE RIVER","RUPT-SUR-MOSELLE","FR",47.9086,6.6853,153
6136520,"ALBE","SARRALBE (RECH)","FR",48.9819,7.0108,407
6139050,"BRILLANNE","LAUZON","FR",43.92,5.88,175
6139060,"GARDON DE SAINT-JEAN","CORBES (ROC COURBE)","FR",44.0731,3.9605,263
6139070,"GANIERE","GAGNIERES (BANNES)","FR",44.3285,4.1126,277
6139130,"BES (TRIB. RHONE)","CHATILLON-EN-DIOIS","FR",44.6919,5.4903,227
6139140,"GERVANNE","BEAUFORT-SUR-GERVANNE","FR",44.7749,5.1453,108
6139201,"VERDON","DEMANDOLX (CASTILLON)","FR",43.8785,6.5388,655
6139210,"ISSOLE","ST. ANDRE LES ALPES","FR",43.9948,6.5027,137
6139220,"ROUBION","SOYANS","FR",44.6243,5.0147,186
6139230,"JABRON RIVIERE","SOUSPIERRE","FR",44.5299,4.9669,85
6139240,"GLUEYRE","GLUIRAS (TISONECHE)","FR",44.8287,4.5178,71
6139250,"ASSE","BEYNES","FR",44.0158,6.2529,375
6139255,"BES (TRIB. RHONE)","LA JAVIE (ESCLANGON-PEROURE)","FR",44.2164,6.2751,165
6139260,"UBAYE","LAUZET UBAYE (ROCHE ROUSSE)","FR",44.4491,6.4003,946
6139261,"UBAYE","BARCELONNETTE (ABATTOIR)","FR",44.3833,6.6517,549
6139270,"BUECH","SERRES","FR",44.4428,5.7138,723
6139280,"DURANCE","ESPINASSES (SERRE-PONCON)","FR",44.4695,6.2798,3580
6139281,"DURANCE","EMBRUN (LA CLAPIERE)","FR",44.551,6.4859,2170
6139283,"DURANCE","VAL DE PRES","FR",44.9173,6.675,210
6139284,"DURANCE","ORAISON (ESCALE)","FR",44.0856,6.012,6760
6139310,"BOURBRE","TIGNIEU-JAMEYZIEU","FR",45.7144,5.1586,703
6139340,"GALAURE","ST. UZE","FR",45.18,4.85,232
6139360,"AZERGUES","CHATILLON","FR",45.8733,4.6427,336
6139361,"AZERGUES","LOZANNE","FR",45.8577,4.687,792
6139365,"BREVENNE","SAIN-BEL","FR",45.8097,4.5993,219
6139391,"RHONE","SAULT BRENAZ","FR",45.86,5.4,15380
6139430,"ARDIERES","BEAUJEU","FR",46.9,4.35,54
6139440,"GUISANE","CASSET","FR",44.98,6.48,78
6139450,"RUISSEAU LE GUIERS MORT","ST. LAURENT DU PONT","FR",45.39,5.74,89
6139470,"ALBARINE","ST. RAMBERT","FR",45.95,5.43,232
6139501,"AIN","CERNON (VOUGLANS)","FR",46.3966,5.665,1120
6139502,"AIN","MARIGNY (CHALAIN)","FR",46.6849,5.7661,650
6139510,"VALOUSE","THOIRETTE (CHALEA)","FR",46.2719,5.5166,228
6139530,"BIENNE","SAINT-CLAUDE (CHENAVIER)","FR",46.4156,5.8672,216
6139550,"RENON","NEUVILLE-LES-DAMES","FR",46.1559,4.9967,102
6139640,"REYSSOUZE","MONTAGNAT","FR",46.1707,5.2893,84
6139650,"TORRENT LA MENOGE","VETRAZ - MONTHOUX","FR",46.17,6.27,160
6139680,"OGNON (TRIB. RHONE)","SERVANCE (FOURGUENONS)","FR",47.8018,6.667,74
6139681,"OGNON (TRIB. RHONE)","BEAUMOTTE-AUBERTANS","FR",47.415,6.1803,1250
6139682,"OGNON (TRIB. RHONE)","PESMES","FR",47.2923,5.5444,2038
6139725,"ROMANCHE","MIZOEN","FR",45.04,6.18,220
6139735,"ROIZONNE","LA VALLETTE","FR",44.95,5.87,72
6139740,"SEVERAISSE","VILLAR LOUBIERE","FR",44.83,6.15,133
6139750,"RUISSEAU L'EAU D'OLLE","ALLEMOND","FR",45.12,6.02,172
6139770,"DOUBS","NEUBLANS-ABERGEMENT","FR",46.9216,5.3501,7290
6139790,"LOUE","CHAMPAGNE-SUR-LOUE","FR",47.0426,5.8144,1380
6139795,"LISON","MYON","FR",47.0308,5.9569,217
6139800,"ILL","ALTKIRCH","FR",47.6333,7.2333,233
6139825,"CHERAN","ALLEVES (LA CHARNIAZ)","FR",45.7198,6.1028,249
6139830,"VALSERINE","LANCRANS","FR",46.1411,5.8183,390
6139831,"VALSERINE","CHEZERY-FORENS (CHEZERY)","FR",46.2189,5.8641,119
6139832,"VALSERINE","LELEX (NIAIZET)","FR",46.2821,5.9215,85
6139837,"SEMINE","CHATILLON EN MICHAINE","FR",46.1499,5.8007,183
6139840,"GIFFRE TORRENT","TANINGES","FR",46.11,6.55,325
6139850,"TORRENT LE FIER","VALLIERES","FR",45.9007,5.92,1350
6139910,"OUCHE","PLOMBIERES-LES-DIJON","FR",47.3318,4.9802,655
6139930,"LANTERNE","FLEUREY-LES-FAVERNEY","FR",47.7475,6.0756,1020
6139935,"BREUCHIN","PROISELIERE ET LANGLE","FR",47.8264,6.5005,123
6139940,"GROSNE","JALOGNY (CLUNY)","FR",46.4032,4.6483,332
6139960,"ARVE","ARTHAZ-PONT-NOTRE-DAME","FR",46.1497,6.2704,1664
6140250,"BEROUNKA","BEROUN","CZ",49.96,14.09,8284
6140300,"OTAVA","PISEK","CZ",49.3,14.15,2913
6140400,"ELBE RIVER","DECIN","CZ",50.79,14.23,51123
6140401,"ELBE RIVER","USTI NAD LABEM","CZ",50.6567,14.0436,48541
6140450,"SAZAVA","ZRUC NAD SAZAVOU","CZ",49.74,15.1,1421
6140480,"JIZERA","TURICE","CZ",50.24,14.78,2159
6140500,"JIZERA","ZELEZNY BROD","CZ",50.64,15.28,791
6140600,"LOUCNA","DASICE","CZ",50.04,15.91,624
6140700,"DIVOKA ORLICE","NEKOR","CZ",50.07,16.55,182
6142100,"MORAVA","MORAVICANY","CZ",49.75,16.9667,1559
6142110,"THAYA","BRECLAV-LADNA","CZ",48.8,16.86,12283
6142120,"MORAVA","STRAZNICE","CZ",48.93,17.3167,9146
6142150,"MORAVA","MORAVSKY JAN","SK",48.6027,16.9386,24129
6142170,"OSLAVA","NESMER","CZ",49.32,16.03,479
6142200,"DANUBE RIVER","BRATISLAVA","SK",48.1402,17.1096,131331
6142300,"BECVA","TEPLICE","CZ",49.53,17.75,1275
6142500,"NITRA","BANOV (BANOVSKA KESA)","SK",48.05,18.2,3103
6142520,"NITRA","NITRIANSKA STREDA","SK",48.5244,18.1741,2094
6142551,"KYSUCA","KYSUCKE NOVE MESTO","SK",49.2978,18.786,955
6142600,"IPEL","IPELSKY SOKOLEC","SK",48.04,18.82,4838
6142601,"IPEL","HOLISA","SK",48.2986,19.7426,686
6142620,"VAH","SALA","SK",48.1617,17.8834,11218
6142640,"TURIEC","MARTIN","SK",49.0694,18.9125,827
6142650,"HRON","BANSKA BYSTRICA","SK",48.73,19.13,1766
6142660,"HRON","BREHY","SK",48.4072,18.6478,3821
6142680,"VAH","LIPTOVSKY MIKULAS","SK",49.0873,19.606,1107
6144100,"SAJO","LENARTOVCE","SK",48.3055,20.314,1830
6144150,"BODVAJ","TURNA NAD BODVOU","SK",48.593,20.8943,663
6144200,"BODROG","STREDA NAD BODROGOM","SK",48.3961,21.7502,11474
6144300,"HORNAD","ZDANA","SK",48.6046,21.3463,4232
6144350,"TORYSA","KOSICKE OLSANY","SK",48.7326,21.3377,1298
6144400,"TOPLA","HANUSOVCE","SK",49.0333,21.5,1050
6144490,"UDAVA","UDAVSKE","SK",48.9833,21.9667,211
6150400,"RIZZANESE","ZOZA","FR",41.7249,9.0755,130
6150500,"FIUM-ALTO","TAGLIO-ISOLACCIO (ACITAJA)","FR",42.4445,9.4699,114
6151100,"TORRENT LA ROYA / FIUME ROIA","BREIL SUR ROYA","FR",43.937,7.5156,461
6151101,"TORRENT LA ROYA / FIUME ROIA","TENDE (ST-DALMAS-DE-TENDE)","FR",44.0509,7.5889,114
6157100,"ODER RIVER","BOHUMIN","CZ",49.92,18.33,4665
6158100,"POPRAD","CHMELNICA","SK",49.289,20.7316,1262
6218100,"POPERINGEVAART","OOSTVLETEREN","BE",50.9134,2.7407,83
6220110,"MOLENBEEK","ETIKOVE","BE",50.826,3.6114,51
6220161,"DENDRE","ATH (DENDRE ORIENTALE)","BE",50.6335,3.7778,229
6220162,"DENDRE","OVERBOERLARE","BE",50.762,3.8673,785
6220170,"BELLEBEEK","ESSENE","BE",50.8887,4.1163,92
6220201,"SCHELDE","TOURNAI","BE",50.6085,3.3908,4922
6220204,"BOVENSCHELDE","HELKIJN","BE",50.7287,3.3879,5227
6220300,"DEMER","AARSCHOT","BE",50.9877,4.8223,2146
6220301,"DEMER","ZICHEM","BE",51.0026,4.9915,1973
6220362,"SENNE","TUBIZE","BE",50.6902,4.1968,215
6220370,"VELP","RANSBERG","BE",50.8909,5.0211,96
6220500,"DYLE","SINT-JORIS-WEERT","BE",50.8029,4.6425,645
6220502,"DYLE","BIERGES","BE",50.7106,4.6063,310
6220510,"NEDERZWALM","NEDERZWALM","BE",50.8854,3.6861,115
6221100,"MEUSE","VISE","BE",50.7259,5.6903,20440
6221101,"MEUSE","AMAY","BE",50.5365,5.3178,16416
6221102,"MEUSE","CHOOZ","BE",50.0921,4.8065,10120
6221110,"MEHAIGNE","HUCCORGNE","BE",50.5675,5.1678,305
6221120,"SAMBRE","SOLRE","BE",50.3092,4.1412,1188
6221130,"EAU D'HEURE","JAMIOULX","BE",50.3585,4.4044,324
6221131,"EAU D'HEURE","WALCOUR","BE",50.2598,4.4366,187
6221140,"MOLIGNEE","WARNANT","BE",50.3043,4.8292,127
6221200,"VESORE","CHAUDFONTAINE","BE",50.5895,5.6537,677
6221500,"OURTHE","HAMOIR(TABREUX)","BE",50.438,5.5349,1607
6221501,"OURTHE","SAUHEID","BE",50.5965,5.591,2904
6221510,"LOMME","JEMELLE","BE",50.1559,5.2617,276
6221550,"LESSE","GENDRON","BE",50.2116,4.9631,1314
6221551,"LESSE","DAVERDISSE","BE",50.0405,5.1283,301
6221570,"VIERRE","STRAIMONT","BE",49.793,5.3815,182
6221600,"EAU NOIRE","COUVIN","BE",50.0409,4.4999,178
6221610,"HOUILLE","FELENNE","BE",50.0427,4.8443,114
6221640,"RULLES","TINTIGNY","BE",49.6937,5.513,220
6221660,"JEKER / GEER","KANNE","BE",50.8169,5.6704,463
6221670,"HERMETON","HASTIERES","BE",50.2011,4.7984,161
6221680,"AMBLEVE","MARTINRIVE","BE",50.4791,5.6368,1068
6229100,"ENNINGDALSAELVEN","VASSBOTTEN","SE",58.8773,11.539,624
6229130,"OEREKILSAELVEN","GUNNARSBRO","SE",58.6264,11.7066,614
6229500,"GOETA AELV","VARGOENS KRV","SE",58.3551,12.3749,46886
6229530,"OESAN","TOERNESTORP","SE",58.3609,13.9517,167
6233100,"VISKAN","ASBRO 3","SE",57.2398,12.31,2160
6233120,"SKIVARPSAN","TANEMOELLA","SE",55.4497,13.5945,102
6233140,"KLINGAVAELSAN","KLINGAVAELSAN","SE",55.64,13.539,192
6233150,"FYLLEAN","SIMLANGEN","SE",56.7157,13.1245,260
6233160,"KAEVLINGEAN","EGGELSTAD","SE",55.6455,13.8165,262
6233165,"VERKEAN","HALLAMOELLA","SE",55.7084,14.0109,79
6233190,"HOEJE A","TROLLEBERG","SE",55.7019,13.1452,237
6233200,"GROETSJOEN","GROETSJOEN","SE",61.8134,12.4433,565
6233201,"DALAELVEN","AELVKARLEBY KRV","SE",60.5636,17.4419,28920
6233205,"VAESTERDALAELVEN","ERSBO","SE",61.3095,13.0081,1104
6233210,"BIVAROEDSAN","BIVAROEDSMOELLA","SE",56.1789,14.1616,209
6233220,"TAENNAN","TAENNDALEN","SE",62.5368,12.3481,227
6233221,"LJUSNAN","LJUSNE STROEMMAR KRV","SE",61.2123,17.0804,19817
6233222,"TAENNAN","LILLGLAEN","SE",62.6388,12.1272,65
6233227,"LJUSNAN","LJUSNEDAL OEVRE","SE",62.548,12.6015,340
6233230,"HOERLINGEAN","HOERLINGE","SE",56.1857,13.6839,203
6233250,"HELGE A","TORSEBRO KRV (POWERSTATION)","SE",56.103,14.1294,3664
6233350,"ALSTERAN","GETEBRO","SE",57.0091,16.1627,1333
6233360,"EMAN","EMSFORS BRUK","SE",57.1426,16.4509,4446
6233366,"SOLGENAN","SKAERSBODA","SE",57.5785,14.8633,157
6233367,"SEGE A","SVEDALA","SE",55.5056,13.2372,52
6233400,"FYRSJOEN","FYRAS","SE",63.517,15.3895,2428
6233401,"INDALSAELVEN","BERGEFORSENS KRV","SE",62.5197,17.3874,25761
6233410,"MAELAREN","OEVRE STOCKHOLM","SE",59.3033,18.0767,22639
6233450,"ANKARVATTNET","ANKARVATTNET","SE",64.8767,14.2219,428
6233460,"AECKLINGEN","AECKLINGEN","SE",63.7382,13.011,156
6233465,"MEDSTUGUAN","MEDSTUGAN NEDRE","SE",63.5235,12.3947,224
6233470,"HARKAN","RENGEN","SE",64.0699,14.0955,1110
6233500,"JOVATTSAN","NEDRE JOVATTNET","SE",65.74,15.05,356
6233502,"UMEAELVEN","STORNORRFORS KRV","SE",63.8535,20.0488,26568
6233510,"VINDELAELVEN","GRANAKER","SE",64.24,19.6662,11850
6233520,"TAERNAAN","SOLBERG","SE",65.7482,15.3914,1081
6233530,"TAENGVATTSBAECKEN","TAENGVATTNET","SE",65.8373,14.8338,195
6233550,"KASSJOEAN","STORSILLRET","SE",62.6619,16.2898,164
6233551,"LJUNGAN","SKALLBOELE KRV","SE",62.3636,16.9619,12088
6233600,"VATTHOLMAAN","VATTHOLMA 2","SE",60.0196,17.7306,294
6233650,"ANGERMANAELVEN","SOLLEFTEA KRV","SE",63.1719,17.2655,30638
6233680,"VINDELAELVEN","SORSELE 2","SE",65.5422,17.5083,6056
6233690,"SKELLEFTEAELVEN","KVISTFORSENS KRV","SE",64.7445,20.8633,11309
6233700,"MOAELVEN","VAESTERSEL","SE",63.4334,18.298,1465
6233710,"PITEAELVEN","SIKFORS KRV","SE",65.5328,21.2088,10816
6233720,"OEREAELVEN","TORRBOELE","SE",63.7,19.61,2860
6233750,"LULEAELVEN","BODENS KRV (+ VATTENVERK; TRANGFORS)","SE",65.8076,21.6705,24924
6233780,"RANEAELVEN","NIEMISEL","SE",66.0216,21.9667,3781
6233800,"ROERAN","YTTERHOLMEN","SE",66.1708,21.8077,1012
6233901,"MUONIOAELVEN; MUONIONJOKI","KALLIO 2","SE",67.2249,23.5431,14477
6235100,"BREGENZER ACH","MELLAU","AT",47.3553,9.8814,229
6235101,"BREGENZER ACH","AU","AT",47.33,9.9728,149
6235210,"LUTZ","GARSELLA","AT",47.2272,9.8761,96
6242020,"LECH","LECH (TANNBERGBRUECKE)","AT",47.21,10.14,84
6242100,"DANUBE RIVER","LINZ","AT",48.31,14.3,79490
6242110,"ALM","PENNINGERSTEG","AT",48.05,13.92,445
6242200,"ILZBACH","NEUDORF BEI ILZ","AT",47.0828,15.9436,190
6242240,"SALZA","GUSSWERK","AT",47.7417,15.3056,280
6242250,"ENNS","STEYR","AT",48.0394,14.4267,5915
6242251,"ENNS","ALTENMARKT IM PONGAU","AT",47.3828,13.4258,134
6242260,"STEYR","KNIEWAS","AT",47.7653,14.1706,185
6242270,"STEYRLING","STEYRLING","AT",47.8031,14.1386,72
6242281,"TEICHLBACH","TEICHLBRUECKE","AT",47.7236,14.2964,149
6242290,"PALTENBACH","SELZTHAL","AT",47.5483,14.3061,369
6242401,"DANUBE RIVER","KIENSTOCK","AT",48.3833,15.4622,95970
6242420,"KREMS","IMBACH","AT",48.4458,15.5681,306
6242500,"DANUBE RIVER","WIEN-NUSSDORF","AT",48.25,16.3,101700
6242501,"DANUBE RIVER","KORNEUBURG","AT",48.3604,16.3438,101537
6242600,"TRAUN (TRIB. DANUBE)","EBENSEE","AT",47.8061,13.7675,1258
6242610,"ALTAUSSEER TRAUN","ALTAUSSEE (TRAUN)","AT",47.635,13.7681,54
6243030,"INN","INNSBRUCK","AT",47.2761,11.3969,5792
6243110,"VENTER ACHE","VENT","AT",46.8628,10.9186,165
6243200,"KITZBUEHLER ACHE","KITZBUEHEL (BAHNHOFSBRUECKE)","AT",47.4553,12.39,153
6243201,"KITZBUEHLER ACHE","ST. JOHANN IN TIROL","AT",47.52,12.4192,332
6243210,"ASCHAUER ACHE","SPERTEN","AT",47.52,12.4031,147
6243220,"FIEBERBRUNNER ACHE","ALMDORF","AT",47.5197,12.4425,165
6243230,"LEOGANGER ACHE","UTTENHOFEN","AT",47.4414,12.8197,112
6243235,"URSLAUBACH","SAALFELDEN","AT",47.4281,12.8389,120
6243240,"BERCHTESGADENER ACHE","ST. LEONHARD (SUMMENPEGEL)","AT",47.7264,13.0428,428
6243260,"OBERSULZBACH","SULZAU","AT",47.23,12.25,81
6243270,"FELBER ACHE","HAIDBACH","AT",47.2531,12.4864,74
6243300,"BRIXENTALER ACHE","BRUCKHAUSL","AT",47.4911,12.1044,322
6243350,"OBERNBERGER SEEBACH","GRIES AM BRENNER","AT",47.0369,11.4794,58
6243355,"SCHMIRNBACH","ST. JODOK AM BRENNER","AT",47.0631,11.5003,109
6243360,"GSCHNITZBACH","STEINACH AM BRENNER","AT",47.0933,11.4658,111
6243400,"OETZTALER ACHE","TUMPEN","AT",47.1633,10.9108,786
6243410,"GURGLER ACHE","OBERGURGL","AT",46.865,11.0197,72
6243450,"SCHALKLBACH","SCHALKLHOF","AT",46.9381,10.49,108
6243800,"ANTIESEN","HAGING","AT",48.2736,13.4511,165
6243850,"INN","SCHAERDING","AT",48.4361,13.4417,25664
6246100,"LIESINGBACH","KAMMERN IM LIESINGTAL","AT",47.39,14.91,266
6246110,"LAVANT","KROTTENDORF","AT",46.6636,14.9456,954
6246120,"GOERSCHITZ","BRUCKL","AT",46.7581,14.5333,316
6246121,"GOERSCHITZ","HUETTENBERG","AT",46.94,14.55,130
6246130,"GAIL","RATTENDORF","AT",46.6239,13.2544,595
6246150,"MOELL","RANIGOBRUECKE","AT",47.0472,12.8053,74
6246160,"ISEL","BRUEHL","AT",46.9744,12.5525,518
6246161,"ISEL","HINTERBICHL","AT",47.02,12.34,107
6246170,"SCHWARZACH","HOPFGARTEN IN DEFEREGGEN-ZWENEW","AT",46.9181,12.5139,268
6246195,"TAUERNBACH","MATREIER TAUERNHAUS","AT",47.1186,12.4956,60
6246600,"MUR","SPIELFELD","AT",46.7106,15.6356,9480
6246610,"MUR","FROHNLEITEN","AT",47.2667,15.3167,6548
6246611,"MUR","FRIESACH","AT",47.1644,15.3189,6792
6246612,"MUR","BRUCK A. D. MUR; BELOW MUERZ","AT",47.4106,15.2825,6214
6246620,"LAMINGBACH","ARNDORF","AT",47.4261,15.26,144
6246630,"TAURACH","TAMSWEG (TAURACH)","AT",47.1353,13.8036,378
6246631,"TAURACH","MAUTERNDORF","AT",47.1339,13.6842,102
6246632,"TAURACH","LOBENAU","AT",47.23,13.4828,87
6246635,"WEISSPRIACH","WEISSPRIACH","AT",47.1769,13.7053,77
6246700,"MUERZ","KINDTHAL","AT",47.5261,15.4731,728
6246701,"MUERZ","NEUBERG AN DER MUERZ","AT",47.6572,15.5939,229
6246710,"THOERLBACH","HANSENHUETTE","AT",47.4733,15.2558,324
6321100,"NIERS","GOCH","DE",51.684,6.151,1203
6321200,"RUR","STAH","DE",51.0976,6.1042,2105
6335010,"ISSEL","ISSELBURG","DE",51.8326,6.4723,258
6335020,"RHINE RIVER","REES","DE",51.7569,6.3954,159300
6335030,"RUHR","HATTINGEN","DE",51.3997,7.161,4078
6335031,"RUHR","VILLIGST","DE",51.436,7.5811,1988
6335032,"RUHR","MESCHEDE","DE",51.3478,8.2806,425
6335035,"LENNE (TRIB. RHINE)","KICKENBACH","DE",51.1089,8.1004,186
6335040,"SWIST","WEILERSWIST","DE",50.7661,6.846,285
6335045,"SIEG","MENDEN 1","DE",50.7979,7.1592,2832
6335046,"SIEG","EITORF","DE",50.777,7.4427,1472
6335048,"AGGER","LOHMAR","DE",50.85,7.2,788
6335050,"RHINE RIVER","DUESSELDORF","DE",51.2255,6.7702,147680
6335060,"RHINE RIVER","KOELN","DE",50.937,6.9633,144232
6335070,"RHINE RIVER","ANDERNACH","DE",50.4434,7.3921,139549
6335075,"NETTE","NETTEGUT","DE",50.42,7.43,369
6335076,"WIED","FRIEDRICHSTHAL","DE",50.5021,7.4457,697
6335081,"LIPPE","KESSELER 3","DE",51.663,8.0894,2005
6335082,"LIPPE","BENTFELD","DE",51.7488,8.6305,1018
6335083,"LIPPE","HALTERN","DE",51.7453,7.1869,4249
6335100,"RHINE RIVER","KAUB","DE",50.0854,7.765,103488
6335115,"NAHE","GROLSHEIM","DE",49.9116,7.9108,4013
6335116,"NAHE","BOOS","DE",49.78,7.7203,2832
6335117,"ALSENZ","ALTENBAMBERG","DE",49.7807,7.8312,318
6335125,"KINZIG (TRIB. RHEIN)","SCHWAIBACH","DE",48.3917,8.0326,954
6335150,"RHINE RIVER","MAINZ","DE",50.004,8.2753,98206
6335155,"SCHWARZBACH (DE-BW)","NAUHEIM","DE",49.9508,8.4526,136
6335156,"SCHWARZBACH (DE-BW)","EPPSTEIN","DE",50.1367,8.3996,108
6335160,"NIDDA","ILBENSTADT","DE",50.2785,8.8011,1072
6335165,"MODAU","EBERSTADT","DE",49.8139,8.628,91
6335167,"WESCHNITZ","LORSCH","DE",49.6687,8.5712,383
6335170,"RHINE RIVER","SPEYER","DE",49.3238,8.4487,53131
6335175,"QUEICH","SIEBELDINGEN","DE",49.2096,8.0528,196
6335180,"RHINE RIVER","WORMS","DE",49.6411,8.376,68827
6335190,"SPEYERBACH","NEUSTADT / WEINSTRASSE","DE",49.3501,8.1389,311
6335200,"RHINE RIVER","MAXAU","DE",49.039,8.3056,50196
6335240,"MAIN","KLEINHEUBACH","DE",49.7165,9.2246,21505
6335290,"KOCHER","STEIN","DE",49.2583,9.2871,1929
6335291,"KOCHER","GAILDORF","DE",49.0016,9.7682,726
6335301,"MAIN","SCHWEINFURT - NEUER HAFEN","DE",50.0312,10.2208,12715
6335302,"MAIN","STEINBACH","DE",50.01,9.6039,17914
6335303,"MAIN","TRUNSTADT","DE",49.9297,10.7552,12010
6335304,"MAIN","FRANKFURT / MAIN (OSTHAFEN)","DE",50.1058,8.715,24764
6335310,"KINZIG (TRIB. MAIN)","HANAU","DE",50.1321,8.9458,921
6335350,"LAHN","LEUN (NEU)","DE",50.5452,8.3552,3571
6335351,"LAHN","MARBURG","DE",50.7987,8.7645,1667
6335360,"DILL","ASSLAR","DE",50.5823,8.4641,692
6335410,"WUTACH","OBERLAUCHINGEN","DE",47.6233,8.3255,627
6335450,"ARGEN","GIESSEN","DE",47.628,9.5959,639
6335460,"SCHUSSEN","GERBERTSHAUS","DE",47.6726,9.5349,782
6335465,"UNTERE ARGEN","BEUTELSAU","DE",47.7084,9.8174,261
6335470,"SEEFELDER AACH","UHLDINGEN","DE",47.7295,9.2449,272
6335485,"ZABER","HAUSEN","DE",49.19,9.24,110
6335500,"MAIN","WUERZBURG","DE",49.796,9.926,14031
6335510,"WERN (DE-BY)","SACHSENHEIM","DE",50.0224,9.7611,597
6335520,"TAUBER","TAUBERBISCHOFSHEIM","DE",49.6259,9.6657,1584
6335521,"TAUBER","BAD MERGENTHEIM","DE",49.4925,9.7736,1013
6335530,"REGNITZ","PETTSTADT","DE",49.8342,10.9413,7005
6335540,"RODACH","UNTERLANGENSTADT","DE",50.1815,11.2267,713
6335550,"ERMS","RIEDERICH","DE",48.5599,9.2668,161
6335560,"STARZEL","RANGENDINGEN","DE",48.3807,8.8868,132
6335565,"EYACH","BAD IMNAU","DE",48.4036,8.7778,330
6335570,"ACHER","KAPPELRODECK","DE",48.5844,8.1259,53
6335600,"NECKAR","ROCKENAU-SKA","DE",49.4382,9.005,12710
6335601,"NECKAR","LAUFFEN","DE",49.0734,9.1457,7916
6335602,"NECKAR","PLOCHINGEN","DE",48.707,9.419,3995
6335603,"NECKAR","ROTTWEIL","DE",48.1682,8.6182,454
6335610,"ELSENZ","MECKESHEIM","DE",49.322,8.8188,259
6335620,"ELZ","MOSBACH","DE",49.3459,9.1286,155
6335621,"ELZ","GUTACH","DE",48.1191,7.9901,303
6335635,"OHRN","OHRNBERG","DE",49.2491,9.4568,152
6335640,"PFINZ","BERGHAUSEN","DE",49.0081,8.5159,235
6335650,"WUERM (DE-BW)","PFORZHEIM","DE",48.8844,8.6989,417
6335651,"WUERM (DE-BW)","SCHAFHAUSEN","DE",48.7241,8.8977,238
6335660,"ENZ","PFORZHEIM","DE",48.8971,8.7295,1476
6335665,"KOERSCH","DENKENDORF","DE",48.6957,9.3185,127
6335670,"NAGOLD","UNTERREICHENBACH","DE",48.8238,8.7097,705
6335671,"NAGOLD","ALTENSTEIG","DE",48.5865,8.604,134
6335675,"MURR","MURR","DE",48.9593,9.2612,506
6335676,"MURR","OPPENWEILER","DE",48.9841,9.4587,180
6335677,"FICHTENBERGER ROT","MITTELROT","DE",48.9854,9.7406,126
6335680,"JAGST","SCHWABSBERG","DE",48.9325,10.1396,178
6335681,"JAGST","UNTERGRIESHEIM","DE",49.2685,9.2199,1825
6335690,"REMS","NEUSTADT","DE",48.8474,9.3158,569
6335695,"FILS","PLOCHINGEN","DE",48.7126,9.4184,704
6335696,"FILS","GEISLINGEN (BRUECKE)","DE",48.6228,9.8393,138
6335697,"B√úHLER","UNTERSCHEFFACH","DE",49.1408,9.8515,260
6335700,"AICH","OBERENSINGEN","DE",48.67,9.39,179
6335710,"MURG","BAD ROTENFELS","DE",48.8187,8.2971,469
6335720,"GUTACH","GUTACH","DE",48.24,8.2129,145
6335725,"WOLF (DE-BW)","OBERWOLFACH","DE",48.317,8.2171,127
6335730,"WIESE","ZELL","DE",47.6995,7.8454,209
6335735,"RENCH","RAMSBACH-BIRKHOF","DE",48.4901,8.1454,108
6335800,"MAIN","KEMMERN","DE",49.9512,10.8735,4251
6335810,"ROTER MAIN","BAYREUTH","DE",49.9478,11.5789,333
6335820,"SCHWARZACH (DE-BY)","RASCH","DE",49.367,11.38,209
6335830,"KRAICHBACH","UBSTADT","DE",49.1566,8.6337,161
6336050,"MOSELLE RIVER","COCHEM","DE",50.1434,7.1683,27088
6336500,"MOSELLE RIVER","TRIER UP","DE",49.7322,6.6269,23857
6336510,"NIMS","ALSDORF-OBERECKEN","DE",49.8888,6.4657,266
6336800,"MOSELLE RIVER","PERL","DE",49.4726,6.369,11522
6336900,"SAAR RIVER","FREMERSDORF","DE",49.4089,6.6484,6983
6336910,"NIED","NIEDALTDORF","DE",49.3423,6.5927,1337
6336930,"PRIMS","NALBACH","DE",49.3764,6.7878,716
6337050,"HUNTE","COLNRADE OP","DE",52.8285,8.4736,1313
6337060,"WUEMME","HELLWEGE SCHLEUSE","DE",53.0758,9.2058,955
6337100,"WESER","VLOTHO","DE",52.176,8.862,17618
6337200,"WESER","INTSCHEDE","DE",52.964,9.125,37720
6337250,"ALLER","RETHEM","DE",52.789,9.383,14730
6337310,"HOERSEL","EISENACH-PETERSBERG","DE",50.9807,10.3152,305
6337320,"FELDA","DORNDORF 2","DE",50.837,10.0858,214
6337330,"SCHMALKALDE","MITTELSCHMALKALDEN","DE",50.7182,10.4003,153
6337340,"HASEL","ELLINGSHAUSEN","DE",50.5456,10.4756,321
6337350,"SCHLEUSE","RAPPELSDORF","DE",50.4965,10.7224,256
6337400,"WESER","HANN.-MUENDEN","DE",51.426,9.641,12442
6337410,"HAUNE","HERMANNSPIEGEL","DE",50.8051,9.7315,422
6337500,"LEINE","GREENE","DE",51.8569,9.9399,2916
6337501,"ALLER","MARKLENDORF","DE",52.682,9.704,7209
6337502,"ALLER","CELLE","DE",52.622,10.063,4374
6337503,"DIEMEL","HELMINGHAUSEN","DE",51.3831,8.7283,103
6337504,"EDER","SCHMITTLOTHEIM","DE",51.1557,8.8982,1202
6337505,"EDER","AFFOLDERN","DE",51.1677,9.0872,1452
6337506,"FULDA","GREBENAU","DE",51.193,9.498,2975
6337507,"FULDA","GUNTERSHAUSEN","DE",51.227,9.469,6366
6337508,"FULDA","ROTENBURG","DE",51.004,9.72,2523
6337509,"LEINE","HERRENHAUSEN","DE",52.388,9.676,5304
6337510,"LEINE","SCHWARMSTEDT","DE",52.683,9.604,6443
6337511,"WERRA","ALLENDORF (BAD SOODEN)","DE",51.2709,9.9748,5166
6337512,"WERRA","HELDRA","DE",51.125,10.197,4302
6337513,"WERRA","LETZTER HELLER","DE",51.408,9.709,5487
6337514,"WESER","BODENWERDER","DE",51.973,9.516,15924
6337515,"WESER","DOERVERDEN","DE",52.852,9.211,22110
6337516,"WESER","KARLSHAFEN","DE",51.648,9.438,14794
6337517,"WESER","LIEBENAU","DE",52.594,9.113,19910
6337518,"WESER","PORTA","DE",52.249,8.922,19162
6337519,"WESER","WAHMBECK","DE",51.625,9.52,12996
6337520,"EDER","AUHAMMER","DE",51.0353,8.6237,490
6337530,"FULDA","KAEMMERZELL","DE",50.6,9.6421,561
6337541,"LEINE","RECKERSHAUSEN","DE",51.4071,9.9368,319
6337542,"LEINE","ARENSHAUSEN","DE",51.3787,9.9705,275
6337550,"GROSSE AUE","HEIDE OP","DE",52.6013,8.9028,1014
6337560,"ALLER","GRAFHORST","DE",52.4499,10.9472,514
6337580,"LENNE (TRIB. WESER)","OELKASSEN","DE",51.9441,9.6121,66
6337590,"SIEBER","HATTORF","DE",51.651,10.2546,127
6337600,"SCHWALM (DE-HE)","ROELLSHAUSEN","DE",50.854,9.2833,250
6337601,"SCHWALM (DE-HE)","UTTERSHAUSEN","DE",51.0824,9.335,986
6337610,"WERRA","MEININGEN","DE",50.5704,10.4172,1170
6338100,"EMS","VERSEN - GESAMT","DE",52.74,7.24,8369
6338110,"EMS","DALUM","DE",52.5956,7.2485,4981
6338120,"EMS","GREVEN","DE",52.094,7.603,2842
6338130,"EMS","RHEINE UNTERSCHLEUSE UP","DE",52.288,7.434,3740
6338140,"EMS","VERSEN-WEHRDURCHSTICH","DE",52.733,7.2419,8469
6338160,"HASE","BOKELOH","DE",52.6946,7.3472,2968
6338161,"HASE","HERZLAKE","DE",52.6826,7.6024,2218
6338163,"HASE","EVERSBURG","DE",52.3082,8.0002,323
6338200,"VECHTE","EMLICHHEIM","DE",52.6022,6.8571,1687
6338201,"VECHTE","NEUENHAUS-WEHR","DE",52.4991,6.9663,708
6338210,"BERKEL","AMMELOE","DE",52.081,6.7744,351
6338250,"OSTE","ROCKSTEDT","DE",53.3394,9.1701,604
6338260,"ESTE","EMMEN","DE",53.387,9.7067,184
6338270,"SOHOLMER AU","SOHOLM","DE",54.6997,9.0228,352
6338800,"TREENE","TREIA","DE",54.5143,9.3173,481
6340050,"ILMENAU","BIENENBUETTEL","DE",53.15,10.464,1434
6340070,"SCHAALE","KLEINBENGERSTORF","DE",53.4189,10.8454,608
6340110,"ELBE RIVER","NEU-DARCHAU","DE",53.2323,10.8888,131950
6340120,"ELBE RIVER","DRESDEN","DE",51.0597,13.7385,53096
6340130,"ELBE RIVER","WITTENBERG","DE",51.8618,12.6467,61879
6340140,"ELBE RIVER","BARBY","DE",51.9901,11.8826,94060
6340150,"ELBE RIVER","WITTENBERGE","DE",52.9908,11.7598,123532
6340160,"ELBE RIVER","TANGERMUENDE","DE",52.5466,11.9784,97780
6340170,"ELBE RIVER","AKEN","DE",51.8632,12.0592,70093
6340180,"ELBE RIVER","MAGDEBURG-STROMBRUECKE","DE",52.135,11.644,94942
6340190,"ELBE RIVER","TORGAU 1","DE",51.559,13.0106,55211
6340200,"UNSTRUT","LAUCHA","DE",51.2265,11.6847,6218
6340210,"ALSTER (BINNEN-ALSTER)","BAECKERBRUECKE (HAMBURG)","DE",53.6558,10.0872,320
6340216,"WANDSE","WANDSBEKER ALLEE (HAMBURG)","DE",53.576,10.0697,82
6340218,"SEEVE","JEHRDEN","DE",53.3929,10.0136,416
6340220,"HELBE","WASSERTHALEBEN","DE",51.2571,10.8915,374
6340225,"RODA","ZOELLNITZ","DE",50.8707,11.643,254
6340300,"SAALE","CALBE-GRIZEHNE","DE",51.9217,11.8125,23719
6340301,"SAALE","TROTHA-UP (HALLE TROTHA)","DE",51.5954,11.9549,17979
6340302,"SAALE","RUDOLSTADT","DE",50.7166,11.3335,2678
6340303,"SAALE","HOF","DE",50.3239,11.9145,521
6340315,"ZORGE","NORDHAUSEN","DE",51.5067,10.7838,304
6340320,"ILM","NIEDERTREBRA","DE",51.0718,11.5793,894
6340330,"ORLA","FREIENORLA","DE",50.7693,11.5429,255
6340335,"LOQUITZ","KAULSDORF-EICHICHT","DE",50.619,11.4322,363
6340340,"WISENTA","MOESCHLITZ","DE",50.5655,11.7515,158
6340350,"PARTHE","LEIPZIG-THEKLA","DE",51.3763,12.4327,315
6340360,"WEIDA","WEIDA","DE",50.7745,12.0603,297
6340365,"PLEISSE","BOEHLEN 1","DE",51.2006,12.3862,1359
6340366,"PLEISSE","GOESSNITZ","DE",50.889,12.4329,293
6340400,"DOELLNITZ","MERZDORF","DE",51.3106,13.2531,211
6340410,"MUEGLITZ","DOHNA","DE",50.9538,13.8537,198
6340420,"WESENITZ","ELBERSDORF","DE",51.0221,13.9938,227
6340440,"GROSSE ROEDER","GROSSDITTMANNSDORF","DE",51.1983,13.773,300
6340500,"HAVEL","RATHENOW (HAUPTSCHLEUSE)","DE",52.6,12.33,19246
6340501,"HAVEL","RATHENOW UP","DE",52.609,12.3468,19288
6340510,"HAVEL","KETZIN","DE",52.4781,12.8453,16173
6340600,"VEREINIGTE MULDE","BAD DUEBEN","DE",51.591,12.581,6171
6340610,"SPREE","GROSSE TRAENKE; WEHR UP","DE",52.368,13.997,6171
6340612,"SPREE","BAUTZEN-WEITE BLEICHE","DE",51.1642,14.4063,276
6340620,"ZWICKAUER MULDE","WECHSELBURG 1","DE",51.0068,12.7726,2107
6340621,"ZWICKAUER MULDE","ZWICKAU-POELBITZ","DE",50.7409,12.4936,1030
6340627,"SCHWARZWASSER","AUE 1","DE",50.5964,12.7154,362
6340628,"FLOEHA / FLAJSKY PATOK","POCKAU 1","DE",50.7037,13.2373,385
6340635,"PRESSNITZ","STRECKENWALDE","DE",50.6311,13.0785,206
6340670,"WEISSE ELSTER","ADORF","DE",50.325,12.259,171
6340700,"SCHWARZE ELSTER","BAD LIEBENWERDA","DE",51.5187,13.3951,3184
6340800,"SPREE","SPREMBERG","DE",51.577,14.37,2092
6340810,"SCHWARZER SCHOEPS","BOXBERG","DE",51.4055,14.5747,639
6341500,"TOLLENSE","KLEMPENOW","DE",53.7926,13.3156,1403
6342050,"BAERA","FRIDINGEN","DE",47.7855,8.8771,134
6342060,"DREISAM","EBNET","DE",47.7972,8.3069,258
6342070,"LAUCHERT","LAUCHERTAL","DE",48.0837,9.2755,452
6342081,"ABLACH","MENNINGEN","DE",48.01,9.16,200
6342100,"RISS (DE-BW)","NIEDERKIRCH","DE",48.2386,9.8312,406
6342105,"BAIERZER ROT","ACHSTETTEN","DE",48.2607,9.8985,264
6342110,"MINDEL","OFFINGEN","DE",48.4826,10.3625,951
6342120,"ZUSAM","PFAFFENHOFEN","DE",48.6108,10.7109,505
6342125,"SCHMUTTER","FISCHACH","DE",48.289,10.6567,133
6342130,"WOERNITZ","HARBURG","DE",48.7832,10.6924,1578
6342200,"ILLER","KEMPTEN","DE",47.7304,10.3169,955
6342201,"ILLER","WIBLINGEN","DE",48.3709,9.9877,2115
6342210,"OSTERACH","RECKENBERG","DE",47.51,10.33,126
6342220,"TRAUFBACH","SPIELMANNSAU","DE",47.35,10.31,83
6342230,"AITRACH","LAUBEN","DE",47.8766,10.0375,308
6342500,"DANUBE RIVER","INGOLSTADT","DE",48.754,11.422,20001
6342501,"DANUBE RIVER","DILLINGEN","DE",48.5684,10.5005,11315
6342502,"DANUBE RIVER","BERG","DE",48.2663,9.7314,4036
6342510,"LECH","AUGSBURG BELOW WERTACH","DE",48.407,10.888,3800
6342512,"LECH","LECHBRUECK","DE",47.6966,10.799,1714
6342513,"LECH","LANDSBERG","DE",48.0415,10.8751,2295
6342520,"ALTMUEHL","EICHSTAETT","DE",48.8885,11.1968,1400
6342521,"ALTMUEHL","BEILNGRIES","DE",49.0284,11.4782,2475
6342522,"ALTMUEHL","TREUCHLINGEN","DE",48.9532,10.9135,982
6342525,"SULZ","BERCHING","DE",49.1069,11.4414,152
6342570,"AMMER","OBERAMMERGAU","DE",47.6,11.06,114
6342571,"AMMER","PFAEFFINGEN","DE",48.5264,8.9622,133
6342600,"DANUBE RIVER","REGENSBURG/SCHWABELWEIS","DE",49.0236,12.1387,35399
6342610,"NAAB","HEITZENHOFEN","DE",49.1183,11.9363,5426
6342611,"NAAB","UNTERKOEBLITZ","DE",49.5356,12.154,2004
6342620,"REGEN","REGENSTAUF","DE",49.128,12.1294,2658
6342630,"CHAMB","FUHRT IM WALD","DE",49.3095,12.8416,276
6342640,"GROSSE LABER","SCHOENACH","DE",48.9117,12.4231,406
6342650,"AMPER","INKOFEN","DE",48.4607,11.8652,3043
6342655,"GLONN","HOHENKAMMER","DE",48.4227,11.5241,392
6342660,"STROGEN","APPOLDING","DE",48.4136,11.9794,142
6342670,"VILS","ROTTERSDORF","DE",48.6062,12.6938,720
6342675,"VILS","VILSBIBURG","DE",48.453,12.356,318
6342800,"DANUBE RIVER","HOFKIRCHEN","DE",48.6766,13.1152,47496
6342810,"SCHMIECHA","UNTERSCHMEIEN","DE",48.0917,9.1498,155
6342820,"GAISSA","HOERMANNSBERG","DE",48.6295,13.3691,212
6342830,"ILZ","KALTENECK","DE",48.6889,13.4519,762
6342900,"DANUBE RIVER","ACHLEITEN","DE",48.5824,13.5044,76653
6342910,"DANUBE RIVER","OBERNDORF","DE",48.947,12.0149,26448
6342920,"DANUBE RIVER","PFELLING","DE",48.8798,12.7472,37687
6342925,"ISAR","LANDAU","DE",48.6737,12.6937,8467
6342927,"ISAR","BAD TOELZ KRAFTWERK","DE",47.7792,11.5403,1559
6342928,"ISAR","MITTENWALD-KARWENDELSTEG","DE",47.4433,11.2708,404
6342930,"LOISACH","KOCHEL","DE",47.6658,11.363,685
6342931,"LOISACH","GARMISCH BELOW PARTNACH (UDP)","DE",47.5025,11.0649,394
6342932,"LOISACH","GARMISCH ODP","DE",47.4843,11.0649,250
6342935,"PARTNACH","PARTENKIRCHEN","DE",47.48,11.12,95
6342950,"LEUTASCHER ACHE","MITTENWALD","DE",47.43,11.26,112
6342960,"MITTERNACHER OHE","EBERHARDSREUTH","DE",48.8163,13.3586,113
6342970,"DANUBE RIVER","HUNDERSINGEN","DE",48.0725,9.3961,2647
6342980,"DANUBE RIVER","KIRCHEN-HAUSEN","DE",47.93,8.68,760
6343100,"INN","WASSERBURG","DE",48.0593,12.2342,11983
6343110,"LEITZACH","ERB","DE",47.8881,11.831,212
6343111,"LEITZACH","STAUDEN","DE",47.71,11.9354,112
6343500,"SALZACH","BURGHAUSEN","DE",48.1586,12.8343,6649
6343530,"TRAUN (TRIB. INN)","STEIN","DE",47.9912,12.5424,367
6343531,"TRAUN (TRIB. INN)","HOCHBERG","DE",47.8337,12.648,282
6343535,"WEISSE TRAUN","SIEGSDORF","DE",47.82,12.65,182
6343537,"ROTE TRAUN","WERNLEITEN","DE",47.83,12.65,91
6343550,"BERCHTESGADENER ACHE","BERCHDESGADEN KLAERANLAGE","DE",47.64,13.01,368
6343555,"RAMSAUER ACHE","ILSANK","DE",47.62,12.95,122
6343560,"SAALACH","UNTERJETTENBERG","DE",47.6812,12.8228,927
6343570,"TIROLER ACHEN / GROSSACHE","STAUDACH","DE",47.78,12.48,952
6343900,"INN","PASSAU-INGLING","DE",48.5615,13.4441,26084
6348200,"TANARO","MONTECASTELLO","IT",44.9485,8.6857,7885
6348201,"TANARO","FARIGLIANO","IT",44.51,7.9,1522
6348202,"TANARO","PONTE DI NAVA","FR",44.12,7.87,148
6348300,"DORA BALTEA","TAVAGNASCO","IT",45.5499,7.8281,3313
6348310,"TORRENTE MASTALLONE","PONTE FOLLE","IT",45.83,8.26,149
6349200,"ADIGE","BRONZOLO (BRANZOLL)","IT",46.4,11.3167,6926
6349210,"RIDANNA","VIPITENO","IT",46.88,11.41,207
6349350,"TORRENTE ASTICO","PEDESCALA","IT",45.844,11.3677,138
6349400,"PIAVE","PONTE DELLA IASTA","IT",46.5368,12.5211,357
6349410,"TORRENTE BOITE","CANCIA","IT",46.4308,12.2228,313
6349411,"TORRENTE BOITE","PODESTAGNO","IT",46.5948,12.111,82
6357010,"ODER RIVER","HOHENSAATEN-FINOW AP","DE",52.8729,14.1421,109564
6357020,"FRIEDLAENDER STROM","BLIESDORF","DE",52.6934,14.1591,737
6357500,"ODER RIVER","EISENHUETTENSTADT","DE",52.153,14.688,52033
6357501,"NEISSE RIVER / NYSA LUZYCKA","GUBEN 2","DE",51.9693,14.7067,4125
6357502,"NEISSE RIVER / NYSA LUZYCKA","GOERLITZ","DE",51.1612,14.9932,1621
6357503,"NEISSE RIVER / NYSA LUZYCKA","HARTAU","DE",50.8722,14.821,376
6357510,"PLIESSNITZ","TAUCHRITZ","DE",51.0641,14.9441,162
6421100,"MEUSE","LITH","NL",51.82,5.45,29000
6421101,"MEUSE","SINT PIETER NOORD","NL",50.83,5.71,21300
6421500,"MEUSE","BORGHAREN","NL",50.87,5.72,21301
6421501,"MEUSE","MEGEN DORP","NL",51.82,5.54,28980
6435060,"RHINE RIVER","LOBITH","NL",51.84,6.11,160800
6442100,"ZALA","ZALAAPATI","HU",46.7333,17.1167,1528
6442200,"MARCAL","RABASZENTMIKLOS","HU",47.53,17.4167,2710
6442300,"KAPOS","KURD","HU",46.45,18.3167,2119
6442450,"DANUBE RIVER","DUNAALMAS","HU",47.73,18.33,171720
6442500,"DANUBE RIVER","NAGYMAROS","HU",47.78,18.95,183533
6442600,"DANUBE RIVER","MOHACS","HU",46,18.67,209064
6444090,"TISZA","TISZABECS","HU",48.1,22.8167,9707
6444100,"TISZA","SZEGED","HU",46.25,20.1667,138408
6444110,"MAROS","MAKO","HU",46.2167,20.4833,30149
6444250,"ZAGYVA","JASZTELEK","HU",47.48,19.97,4207
6444350,"BODVAJ","SZENDRO","HU",48.4,20.7333,1496
6444380,"SAJO","FELSOEZSOLCA","HU",48.11,20.84,6440
6444400,"FEHER-KOROS","GYULA","HU",46.65,21.2833,4251
6444500,"CRASNA","AGERDOMAJOR","HU",47.7667,22.4333,1974
6444600,"SZAMOS","CSENGER","HU",47.8333,22.6833,15283
6457380,"SAMA","SZAMOTULY","PL",52.5833,16.6333,395
6457707,"BOBR","ZAGAN","PL",51.6167,15.3167,4254
6457820,"WARTA","POZNAN","PL",52.4167,16.9667,25963
6457956,"PROSNA","BOGUSLAWICE","PL",51.9,17.9167,4304
6458203,"SKAWA","WADOWICE","PL",49.8833,19.4833,836
6458406,"DUNAJEC","NOWY SACZ","PL",49.6333,20.7167,4341
6458713,"WIEPRZ","KRASNYSTAW","PL",50.9833,23.1833,3003
6458753,"PILICA","PRZEDBORZ","PL",51.0833,19.8833,2535
6458805,"NAREW","SURAZ","PL",52.95,22.95,3376
6458924,"LIWIEC","LOCHOW","PL",52.5167,21.7167,2462
6502110,"MULKEAR","ANNACOTTY","IE",52.6694,-8.529,648
6502120,"MAIGUE","CASTLEROBERTS","IE",52.5336,-8.7672,806
6502121,"MAIGUE","CROOM","IE",52.5186,-8.7185,770
6502130,"DEEL","RATHKEALE","IE",52.4626,-8.9434,439
6502131,"DEEL","GRANGE BRIDGE","IE",52.4421,-9.0187,366
6502140,"BROSNA","MOYSTOWN","IE",53.2383,-7.9317,1180
6502141,"BROSNA","FERBANE","IE",53.2701,-7.8278,1163
6502151,"SUCK","DARRYCAHILL","IE",53.3833,-8.2333,1050
6502160,"INNY","BALLYMAHON","IE",53.5627,-7.7577,1099
6502170,"BOYLE","BOYLE ABBEY BRIDGE","IE",53.9727,-8.2968,527
6502171,"BOYLE","TINACARRA","IE",53.9656,-8.3504,520
6503100,"CORRIB","WOLFE TONE BRIDGE","IE",53.27,-9.0554,3136
6503105,"CLARE","CORROFIN","IE",53.4341,-8.8642,700
6503151,"MOY","RAHANS","IE",54.1036,-9.157,1975
6503160,"BONET","DROMAHAIR","IE",54.2268,-8.2995,264
6503180,"FERGUS","BALLYCOREY","IE",52.8702,-8.9744,511
6503201,"ERNE","BELTURBET","IE",54.0974,-7.4516,1492
6503250,"FEALE","LISTOWEL","IE",52.4423,-9.4757,647
6503260,"BANDON","CURRANURE","IE",51.7468,-8.6825,424
6503280,"SUIR","CLONMEL","IE",52.3519,-7.6955,2144
6503281,"SUIR","CATHER PARK","IE",52.4592,-7.923,1583
6503282,"SUIR","NEW BRIDGE","IE",52.4592,7.9975,1090
6503290,"SLANE","ENNISCORTHY","IE",52.548,-6.566,1320
6503291,"SLANE","SCARRAWALSH","IE",52.548,-6.5505,1031
6503300,"NORE","BROWNSBARN","IE",52.5002,-7.0922,2418
6503301,"NORE","JOHNS BRIDGE","IE",52.6517,-7.2502,1644
6503350,"BARROW","GRAIGUENAMANAGH U/S","IE",52.5405,-6.9509,2778
6503351,"BARROW","ROYAL OAK","IE",52.6997,-6.9815,2419
6503353,"BARROW","PASS BRIDGE","IE",53.1619,-7.0703,1064
6503354,"BARROW","PORTARLINGTON","IE",53.1619,-7.1931,406
6503370,"GLYDE","MANSFIELDSTOWN","IE",53.8966,-6.444,346
6503400,"DUNKELLIN","KILCOLGAN","IE",53.2139,-8.8718,354
6503410,"DEE (IRELAND)","CHARLEVILLE WEIR","IE",53.856,-6.414,309
6503500,"BLACKWATER (MUNSTER)","BALLYDUFF","IE",52.1446,-8.0532,2334
6503501,"BLACKWATER (MUNSTER)","KILLAVULLEN","IE",52.1446,-8.5163,1257
6503810,"LITTLE BROSNA","CROGHAN","IE",53.1017,-7.9206,479
6503851,"BOYNE","SLANE CASTLE","IE",53.7069,-6.5624,2460
6503852,"BOYNE","NAVAN WEIR","IE",53.6434,-6.6716,1684
6503853,"BOYNE","TRIM","IE",53.5566,-6.7935,1362
6503855,"BLACKWATER (KELLS)","LISCARTAN","IE",53.6636,-6.7206,700
6542100,"DANUBE RIVER","BEZDAN","RS",45.85,18.87,210245
6542200,"DANUBE RIVER","BOGOJEVO","RS",45.53,19.08,251593
6544100,"TISZA","SENTA","RS",45.9329,20.0825,140130
6545050,"SAVA","CATEZ I","SI",45.8932,15.6097,10186
6545100,"SAVA","RADECE","SI",46.0715,15.1812,7084
6545101,"SAVA","HRASTNIK","SI",46.122,15.0906,5177
6545102,"SAVA","SENTJAKOB","SI",46.084,14.5824,2285
6545110,"SORA","SUHA 1","SI",46.162,14.326,566
6545120,"MIRNA","GABRJE 1","SI",45.9873,15.2144,268
6545150,"UNA","BOSANSKI NOVI","HR",45.07,16.38,8507
6545190,"SAVA","RADOVLJICA I","SI",46.34,14.1654,908
6545200,"KRKA","PODBOCJE","SI",45.8644,15.4555,2238
6545300,"SAVINJA","VELIKO SIRJE I","SI",46.0919,15.1924,1842
6545400,"LJUBLJANICA","MOSTE","SI",46.0539,14.5492,1763
6545500,"KOLPA","METLIKA","SI",45.6343,15.323,2002
6545501,"KOLPA","PETRINA","SI",45.4639,14.8522,460
6545600,"SAVINJA","LASKO 1","SI",46.154,15.2336,1664
6545601,"SAVINJA","CELJE 2 - BRV","SI",46.2274,15.2606,1189
6545700,"LIM (TRIB. SAVA)","PRIJEPOLJE","RS",43.3746,19.6442,3160
6545800,"SAVA","SREMSKA MITROVICA","RS",44.9813,19.6183,87966
6546610,"MUR","GORNJA RADGONA 1","SI",46.6811,15.9956,10197
6546802,"DRAVA","BORL (REACT. 6546801)","SI",46.371,15.9962,14662
6546810,"PESNICA","ZAMUSANI 1","SI",46.4141,16.034,478
6547200,"IBAR","LEPOSAVIC","RS",43.1058,20.8042,4701
6547500,"VELIKA MORAVA","LUBICEVSKY MOST","RS",44.58,21.12,34345
6549100,"SOCA / INSONZO","SOLKAN I","SI",45.9816,13.6553,1573
6549101,"SOCA / INSONZO","KOBARID","SI",46.2479,13.5866,437
6549110,"UCJA","ZAGA","SI",46.3097,13.4778,50
6549120,"TOLMINKA","TOLMIN","SI",46.1872,13.7357,73
6549130,"BACA","BACA PRI MODREJU","SI",46.1557,13.7757,142
6549140,"TREBUSA","DOLENJA TREBUSA","SI",46.0946,13.8326,55
6549150,"IDRIJCA","HOTESK","SI",46.1283,13.7983,443
6549180,"SOCA / INSONZO","LOG CEZSOSKI","SI",46.3149,13.4942,325
6563200,"VARDAR","SKOPJE","MK",41.98,21.4333,4650
6603100,"CAMOWEN","CAMOWEN TERRACE","GB",54.6036,-7.2879,277
6603110,"BURN DENNET","BURNDENNET","GB",54.8894,-7.4203,148
6603120,"MOURNE","DRUMNABUOY HOUSE","GB",54.8104,-7.4598,1844
6603130,"SILLEES","DRUMRAINEY BRIDGE","GB",54.3084,-7.686,166
6603300,"LOWER BANN","MOVANAGHER","GB",54.977,-6.5471,5210
6603310,"MOYOLA","MOYOLA NEW BRIDGE","GB",54.7535,-6.5156,304
6603320,"BLACKWATER (N. IRELAND)","MAYDOWN BRIDGE","GB",54.4096,-6.7381,970
6603330,"CLANRYE","MOUNTMILL BRIDGE","GB",54.2167,-6.337,120
6603340,"BUSH","SENEIRL BRIDGE","GB",55.1644,-6.5228,299
6603350,"SIX-MILE WATER","ANTRIM","GB",54.7152,-6.2232,278
6603500,"LAGAN","NEWFORGE","GB",54.5547,-5.947,492
6603510,"ENLER","COMBER","GB",54.5545,-5.7455,62
6604100,"EWE","POOLEWE","GB",57.7614,-5.5991,441
6604150,"CARRON (N. SCOTLAND)","NEW KELSO","GB",57.4295,-5.43,138
6604160,"SHIEL","SHIELFOOT","GB",56.7645,-5.8209,256
6604170,"NEVIS","CLAGGAN","GB",56.8215,-5.0888,69
6604180,"ORCHY","GLEN ORCHY","GB",56.4466,-4.8527,251
6604190,"FALLOCH","GLEN FALLOCH","GB",56.3377,-4.7176,80
6604201,"CLYDE (SCOTLAND)","BLAIRSTONE","GB",55.7973,-4.0683,1704
6604205,"DUNEATON","MAIDENCOTS","GB",55.5158,-3.6954,110
6604220,"LEVEN (SCOTLAND)","LINNBRANE","GB",55.9888,-4.576,784
6604230,"IRVINE","SHEWALTON","GB",55.5971,-4.6278,381
6604240,"GIRVAN","ROBSTONE","GB",55.2588,-4.8077,246
6604250,"LUCE","AIRYHEMMING","GB",54.9007,-4.8397,171
6604260,"CREE (SCOTLAND)","NEWTON STEWART","GB",54.9573,-4.4805,368
6604270,"URR","DALBEATIE","GB",54.9299,-3.841,199
6604280,"NITH (SCOTLAND)","DRUMLANRIG","GB",55.2746,-3.7995,471
6604500,"ANNAN","BRYDEKIRK","GB",55.0217,-3.2677,925
6604510,"KINNEL WATER","REDHALL","GB",55.1674,-3.4502,76
6604605,"LYON","COMRIE BRIDGE","GB",56.6142,-3.9809,391
6604610,"TAY","BALLATHIE","GB",56.5144,-3.387,4587
6604620,"NORTH ESK (SCOTLAND)","LOGIE MILL","GB",56.7669,-2.4934,732
6604625,"EDEN (SCOTLAND)","KEMBACK","GB",56.3309,-2.9484,307
6604630,"EARN","FORTEVIOT BRIDGE","GB",56.3476,-3.5484,782
6604635,"RUCHILL WATER","CULTYBRAGGAN","GB",56.3597,-4.0014,100
6604640,"TEITH","BRIDGE OF TEITH","GB",56.1857,-4.0556,518
6604645,"ALLAN WATER","KINBUCK","GB",56.2256,-3.9495,161
6604650,"SPEY (SCOTLAND)","BOAT O BRIG","GB",57.551,-3.1404,2861
6604655,"DULNAIN","BALNAAN BRIDGE","GB",57.302,-3.6991,272
6604660,"CARRON (S. SCOTLAND)","HEADSWOOD","GB",56.015,-3.8755,122
6604670,"ALMOND","CRAIGIEHALL","GB",55.9631,-3.3385,369
6604680,"GIFFORD WATER","LENNOXLOVE","GB",55.9358,-2.7842,64
6604690,"TWEED (SCOTLAND)","BOLESIDE","GB",55.5914,-2.7977,1500
6604710,"LYNE WATER","LYNE STATION","GB",55.6474,-3.2576,175
6604750,"TWEED (SCOTLAND)","NORHAM","GB",55.7227,-2.1634,4390
6604760,"WHITEADDER WATER","HUTTON CASTLE","GB",55.7883,-2.1917,503
6604800,"DEE (SCOTLAND)","WOODEND","GB",57.0501,-2.6036,1370
6604815,"GAIRN","INVERGAIRN","GB",57.0599,-3.0695,150
6604820,"DEE (SCOTLAND)","PARK","GB",57.0754,-2.3358,1844
6604830,"DON (SCOTLAND)","PARKHILL","GB",57.2183,-2.1876,1273
6604840,"UGIE","INVERUGIE","GB",57.5267,-1.8328,325
6604850,"DEVERON","MUIRESK","GB",57.5377,-2.4935,955
6604860,"FINDHORN","FORRES","GB",57.6048,-3.6441,782
6604870,"ENRICK","MILL OF TORE","GB",57.3339,-4.5758,106
6604880,"CONON","MOY BRIDGE","GB",57.5566,-4.54,962
6604890,"MEIG","GLENMEANNIE","GB",57.5326,-4.8638,120
6604910,"JED WATER","JEDBURGH","GB",55.4849,-2.5461,139
6604920,"TEVIOT","HAWICK","GB",55.4344,-2.7565,323
6604950,"OYKEL","EASTER TURNAIG","GB",57.9619,-4.7009,331
6604960,"HALLADALE","HALLADALE","GB",58.4788,-3.903,205
6604970,"INVER","LITTLE ASSYNT","GB",58.1741,-5.1526,138
6605100,"RIBBLE","SAMLESBURY","GB",53.7684,-2.6247,1145
6605200,"IRWELL","ADELPHI WEIR","GB",53.4852,-2.2664,559
6605210,"MERSEY","ASHTON WEIR","GB",53.4383,-2.3441,660
6605220,"BOLLIN","WILMSLOW","GB",53.3301,-2.2271,72
6605230,"WEAVER","ASHBROOK","GB",53.1677,-2.4925,622
6605235,"WISTASTON BROOK","MARSHFIELD BRIDGE","GB",53.093,-2.4881,93
6605300,"TYNE","BYWELL","GB",54.9499,-1.9413,2176
6605310,"SOUTH TYNE","FEATHERSTONE","GB",54.9432,-2.5133,322
6605320,"BLYTH","HARTFORD BRIDGE","GB",55.1138,-1.6207,269
6605330,"COQUET","MORWICK","GB",55.3336,-1.632,570
6605340,"KIELDER BURN","KIELDER","GB",55.245,-2.5608,59
6605350,"LIDDEL WATER","ROWANBURNFOOT","GB",55.0744,-2.9184,319
6605360,"EDEN (N. ENGLAND)","SHEEPMOUNT","GB",54.9049,-2.9529,2286
6605370,"ELLEN","BULLGILL","GB",54.7324,-3.4054,96
6605380,"DERWENT (TRIB. IRISH SEA)","CAMERTON","GB",54.6604,-3.4944,663
6605385,"COCKER","SOUTHWAITE BRIDGE","GB",54.6404,-3.3481,117
6605390,"LEVEN (TRIB. IRISH SEA)","NEWBY BRIDGE FMS","GB",54.2681,-2.975,247
6605400,"FOSTON BECK","FOSTON MILL","GB",53.9783,-0.334,57
6605410,"GYPSEY RACE","BOYNTON","GB",54.0932,-0.2633,240
6605420,"DERWENT (TRIB. NORTH SEA)","BUTTERCRAMBE","GB",54.0192,-0.8856,1586
6605430,"DOVE (TRIB. NORTH SEA)","KIRKBY MILLS","GB",54.2606,-0.9197,59
6605440,"AIRE","KILDWICK BRIDGE","GB",53.9073,-1.9847,282
6605450,"LUNE","CATON","GB",54.0816,-2.7209,983
6605480,"KENT","SEDGWICK","GB",54.2801,-2.756,209
6605510,"LEVEN (N. ENGLAND)","LEVEN BRIDGE","GB",54.502,-1.3154,196
6605520,"GRETA","RUTHERFORD BRIDGE","GB",54.5052,-1.9496,86
6605550,"WHARFE","FLINT MILL WEIR","GB",53.9202,-1.3587,759
6605560,"URE","WESTWICK LODGE","GB",54.0981,-1.4571,915
6605565,"SWALE","CRAKEHILL","GB",54.1541,-1.3507,1363
6605570,"OUSE","SKELTON","GB",53.9913,-1.1345,3315
6605575,"NIDD","HUNSINGOR WEIR","GB",53.9712,-1.349,484
6605580,"SKERNE","PRESTON LE SKERNE","GB",54.6083,-1.5493,147
6605590,"TEES","BROKEN SCAR","GB",54.5184,-1.6011,818
6605600,"TRENT (N. ENGLAND)","COLWICK","GB",52.9534,-1.0785,7486
6605610,"IDLE","MATTERSEY","GB",53.398,-0.9636,529
6605620,"DERWENT (TRIB. TRENT)","ST. MARYS BRIDGE","GB",52.9282,-1.475,1054
6605630,"DOVE (TRIB. TRENT)","MARSTON ON DOVE","GB",52.8565,-1.6489,883
6605631,"DOVE (TRIB. TRENT)","IZAAK WALTON","GB",53.0561,-1.782,83
6605640,"WEAKE","SYSTON MILL","GB",52.7063,-1.0911,414
6605650,"SOAR","LITTLETHORPE","GB",52.571,-1.2017,184
6605660,"ANKER","POLESWORTH","GB",52.6272,-1.6132,368
6605670,"REA","CALTHORPE PARK","GB",52.4603,-1.8974,74
6605680,"SOW","GREAT BRIDGFORD","GB",52.8402,-2.1744,163
6605700,"BROWNEY","BURN HILL","GB",54.7425,-1.5992,178
6605710,"BEDBURN BECK","BEDBURN","GB",54.6846,-1.8185,75
6605720,"ROTHER (N. ENGLAND)","WOODHOUSE MILL","GB",53.3668,-1.3521,352
6605730,"WEAR","SUNDERLAND BRIDGE","GB",54.7339,-1.5897,658
6606200,"STRINGSIDE","WHITEBRIDGE","GB",52.5763,0.531,99
6606250,"LITTLE OUSE","ABBEY HEATH","GB",52.4259,0.7208,688
6606300,"ISE BROOK","HARROWDEN OLD MILL","GB",52.332,-0.6818,194
6606400,"BEDFORD OUSE","BEDFORD","GB",52.1343,-0.4622,1460
6606401,"BEDFORD OUSE","ROXTON","GB",52.1672,-0.3053,1660
6606510,"HARPERS BROOK","OLD MILL BRIDGE","GB",52.4077,-0.5555,74
6606550,"CHATER","FOSTERS BRIDGE","GB",52.6165,-0.5825,69
6606560,"GLEN","KATES BRIDGE AND KING STREET BRIDGE","GB",52.7202,-0.3637,342
6606570,"LYMN","PARTNEY MILL","GB",53.1869,0.0963,62
6606580,"BAIN","GOULCEBY BRIDGE","GB",53.2972,-0.1321,62
6606590,"WITHAM","CLAYPOLE MILL","GB",53.0223,-0.7462,298
6606700,"CAM","DERNFORD","GB",52.1346,0.1418,198
6606710,"KYM","MEAGRE FARM","GB",52.2542,-0.3078,138
6606720,"IVEL","BLUNHAM","GB",52.1446,-0.3166,541
6606790,"CHELMER","SPRINGFIELD","GB",51.7367,0.4795,190
6606850,"STOUR (E. ENGLAND)","LANGHAM","GB",51.9716,0.9404,578
6606870,"GIPPING","STOWMARKET","GB",52.1813,1.0082,129
6606880,"BURE","INGWORTH","GB",52.8195,1.2518,165
6606900,"WAVENEY","NEEDHAM MILL","GB",52.3829,1.2739,370
6606950,"COLNE","LEXDEN","GB",51.899,0.851,238
6607100,"DART","AUSTINS BRIDGE","GB",50.479,-3.7615,248
6607110,"FAL","TREGONY","GB",50.266,-4.9184,87
6607115,"CAMEL","DENBY","GB",50.4796,-4.7957,209
6607120,"FOWEY","RESTORMEL","GB",50.4311,-4.6795,169
6607130,"TAMAR","GUNNISLAKE","GB",50.5313,-4.2219,917
6607131,"THRUSHEL","TINHAY","GB",50.6472,-4.2676,113
6607140,"TORRIDGE","TORRINGTON","GB",50.9469,-4.1373,663
6607150,"TAW","UMBERLEIGH","GB",50.9955,-3.985,826
6607200,"EXE","THORVERTON","GB",50.8042,-3.5113,601
6607210,"CULM","WOOD MILL","GB",50.8432,-3.3923,226
6607220,"AXE","WHITFORD","GB",50.7528,-3.0474,288
6607225,"OTTER","DOTTON","GB",50.6884,-3.2943,202
6607230,"TONE (S. ENGLAND)","BISHOPS HULL","GB",51.0191,-3.1337,202
6607240,"BRUE","LOVINGTON","GB",51.0836,-2.5868,135
6607250,"PIDDLE","BAGGS MILL","GB",50.6881,-2.1242,183
6607300,"TILLINGBOURNE","SHALFORD","GB",51.2209,-0.5695,59
6607310,"WYE (S. ENGLAND)","HEDSOR","GB",51.5719,-0.7086,137
6607320,"VER","HANSTEADS","GB",51.7047,-0.3361,132
6607330,"BLACKWATER (S. ENGLAND)","SWALLOWFIELD","GB",51.3774,-0.9512,355
6607340,"CHERWELL","ENSLOW MILL","GB",51.8613,-1.3014,552
6607345,"KENNET","THEALE","GB",51.4327,-1.0669,1033
6607347,"LAMBOURN","SHAW","GB",51.411,-1.3251,234
6607350,"COLN","BIBURY","GB",51.7546,-1.8254,107
6607500,"STOUR (S. ENGLAND)","THROOP MILL","GB",50.7639,-1.8421,1073
6607520,"TEST","BROADLANDS","GB",50.9681,-1.4971,1040
6607530,"WALLINGTON","NORTH FAREHAM","GB",50.8637,-1.1666,111
6607540,"MEON","MISLINGFORD","GB",50.9235,-1.163,73
6607550,"ITCHEN","HIGHBRIDGE + ALLBROOK","GB",50.9877,-1.3442,360
6607560,"UCK","ISFIELD","GB",50.952,0.0754,88
6607651,"THAMES","KINGSTON (NATURALISED DISCHARGE)","GB",51.4154,-0.3077,9948
6607701,"THAMES","DAYS WEIR","GB",51.6385,-1.1795,3445
6607705,"NADDER","WILTON","GB",51.0764,-1.8626,221
6607710,"AVON (S. ENGLAND)","AMESBURY","GB",51.1715,-1.7853,324
6607711,"EAST AVON","UPAVON","GB",51.3025,-1.8099,86
6607750,"MIMRAM","PANSHANGER PARK","GB",51.8034,-0.1413,134
6607760,"FROME (BRISTOL)","FRENCHAY","GB",51.4926,-2.5235,149
6607800,"DARENT","HAWLEY","GB",51.4243,0.2312,191
6607825,"MOLE","KINNERSLEY MANOR","GB",51.2012,-0.1944,142
6607830,"LEE RIVER","FEILDES WEIR","GB",51.7642,0.0139,1036
6607840,"RODING","REDBRIDGE","GB",51.5762,0.0406,303
6607850,"BEULT","STILE BRIDGE","GB",51.2021,0.516,277
6607851,"MEDWAY","TESTON","GB",51.2509,0.447,1256
6607855,"ERIDGE STREAM","HENDAL BRIDGE","GB",51.1082,0.1726,54
6607950,"GREAT STOUR","HORTON","GB",51.2581,1.0305,345
6608100,"DEE (WALES)","MANLEY HALL","GB",52.9665,-2.9719,1013
6608101,"DEE (WALES)","NEW INN","GB",52.8628,-3.6747,54
6608110,"ALYN","PONT-Y-CAPEL","GB",53.0795,-2.9938,227
6608160,"GLASLYN","BEDDGELERT","GB",53.0088,-4.1005,69
6608170,"DYFI","DYFI BRIDGE","GB",52.6009,-3.8546,471
6608190,"YSTWYTH","PONT LLOLWYN","GB",52.3754,-4.0724,170
6608200,"TEIFI","GLAN TEIFI","GB",52.0454,-4.5617,894
6608210,"TYWI","NANTGAREDIG","GB",51.8631,-4.2015,1090
6608230,"EWENNY","KEEPERS LODGE","GB",51.4925,-3.5572,62
6608240,"RHYMNEY","LLANEDEYRN","GB",51.5327,-3.1198,179
6608300,"USK","CHAIN BRIDGE","GB",51.7452,-2.9486,912
6608310,"YSCIR","PONTARYSCIR","GB",51.9632,-3.4518,63
6608500,"WYE (WALES)","DDOL FARM","GB",52.2968,-3.5033,174
6608501,"WYE (WALES)","REDBROOK","GB",51.7963,-2.6863,4010
6608510,"FROME","YARKHILL","GB",52.0814,-2.5635,144
6608520,"LUGG","BYTON","GB",52.2767,-2.9331,203
6608530,"ELWY","PONT-Y-GWYDDEL","GB",53.2326,-3.5709,194
6608600,"CYNON","ABERCYNON","GB",51.6521,-3.3321,106
6609100,"TEME","TENBURY","GB",52.3133,-2.5915,1134
6609110,"LEADON","WEDDERBURN BRIDGE","GB",51.9081,-2.3261,293
6609395,"EHEN","BRAYSTONES","GB",54.4402,-3.5294,126
6609400,"AVON (CENTRAL ENGLAND)","EVESHAM","GB",52.092,-1.9429,2210
6609500,"SEVERN (CENTRAL ENGLAND)","BEWDLEY","GB",52.383,-2.3213,4325
6609520,"WORFE","BURCOTE","GB",52.5553,-2.3761,258
6609538,"TANAT","LLANYBLODWEL","GB",52.7943,-3.1103,229
6609540,"RODEN","RODINGTON","GB",52.7236,-2.6098,259
6609560,"AVON (CENTRAL ENGLAND)","STARETON","GB",52.3409,-1.5128,347
6609570,"REA BROOK","HOOKAGATE","GB",52.6781,-2.7917,178
6665500,"SEYTAN DERESI","BABAESKI","TR",41.4404,27.0979,478
6730100,"NESET","NESET","NO",69.7007,29.3213,2947
6730501,"TANA (NO; FI)","POLMAK NYE","NO",70.0703,28.0162,14161
6731020,"RAUMA","HORGHEIM","NO",62.4741,7.782,1099
6731050,"STJORDALSELVA","HOGGAS BRU","NO",63.49,11.32,491
6731070,"NORDELVA","KRINSVATN","NO",63.79,10.23,205
6731105,"VELLEDALSELV","FETVATN","NO",62.3325,6.5929,89
6731110,"TORA","TORA","NO",62.0077,7.8664,262
6731112,"SOEYA","SOYA","NO",62.9003,8.6049,138
6731115,"ULVUNDA","NERDAL","NO",62.73,8.33,99
6731120,"ULVAA","STORHOLEN","NO",62.2805,8.1178,436
6731125,"OSTRI","LIAVATN","NO",61.87,7.77,235
6731127,"TUNDRA","TUNDRA","NO",61.9,8.05,135
6731130,"ETNEELV","STORDALSVATN","NO",59.68,6.02,127
6731132,"BOEVRI","BRUSTUEN","NO",61.7262,8.296,254
6731133,"GROA","DALAVATN","NO",62.61,8.73,86
6731135,"GROVU","BRUOY","NO",62.52,9.08,473
6731140,"KINSO","HOLEN","NO",60.38,6.74,229
6731142,"SKJOELI","SKJOELI","NO",61.87,8.3,182
6731145,"HALLDALSELV","HALLDALSVATN","NO",60.493,8.4791,59
6731161,"GUDDALSELVA","NAUTSUNDVATN","NO",61.2529,5.3853,219
6731165,"GAULAR","VIKSVATN","NO",61.33,5.87,505
6731175,"EIDSELV","HORNINDALSVATN","NO",61.92,6.09,378
6731180,"MYRKDALSELV","MYRKDALSVATN","NO",60.7992,6.5016,158
6731190,"GJENGEDALSELV","GJENGEDALSVATN","NO",61.66,6.05,56
6731196,"STRYNSELV","STRYNSVATN","NO",61.9313,6.8789,482
6731200,"VOSSO","BULKEN","NO",60.63,6.28,1102
6731205,"STORANI","ARDAL","NO",58.5437,6.4979,77
6731210,"HELLELANDSELV (N.VERIFIED)","GYA","NO",58.6004,6.3621,60
6731215,"BJERKREIMSELV","BJERKREIM BRU","NO",58.58,6.08,633
6731220,"HAELVI","HAUGLAND","NO",58.6929,5.6476,139
6731225,"STORAEI","DEG","NO",58.9342,6.7923,69
6731230,"FORREELV","FORRE LIMNI","NO",59.32,6.57,164
6731233,"GJOEV","TOVSLIOYTJONN","NO",59.07,8.02,115
6731235,"GROENO","VIVASSDAL","NO",59.96,6.96,68
6731245,"RJOANDANI","RJOANDE","NO",60.69,6.85,139
6731250,"LYGNA","TINGVATN","NO",58.4,7.23,266
6731260,"OTRA","HEISEL","NO",58.2476,7.9514,3689
6731265,"KOSA","MYGLEVATN NDF","NO",58.4459,7.585,182
6731280,"AUSTENA","AUSTENA","NO",58.85,8.1,286
6731310,"DRAMSELV","DOVIKFOSS","NO",59.8805,9.908,16120
6731315,"SIMOA","EGGEDAL","NO",60.1518,9.4344,310
6731320,"JONDALSELV","JONDAL","NO",59.7,9.55,150
6731327,"HOLERA","HOLERVATN","NO",60.7096,9.459,80
6731330,"NEIDEN","NESET","NO",59.37,8.53,2911
6731371,"FLAKSVATN","TOVSDALSELV","NO",58.3305,8.2031,1781
6731387,"KILA","KILA BRU","NO",59.002,8.2992,64
6731388,"KILA","KILEN","NO",59.3485,8.786,118
6731390,"TANNSELV","TANNSVATN","NO",59.6732,8.0674,118
6731395,"SOGNEELV","SOGNE","NO",58.091,7.8351,204
6731400,"GLAMA","LANGNES","NO",59.6092,11.1181,40540
6731401,"GLAMA","ELVERUM","NO",60.88,11.56,15426
6731402,"GLAMA","SKARNES","NO",60.2543,11.6775,20300
6731403,"GLAMA","SOLBERGFOSS","NO",59.6373,11.1535,40540
6731410,"ATNA","ATNASJO","NO",61.85,10.22,465
6731420,"SANDVIKSELVA","BJOERNEGARDSVINGEN","NO",59.8934,10.5084,190
6731430,"ROMUA","KAUSERUD","NO",60.09,11.27,87
6731432,"RISA","RISA","NO",60.24,11.17,54
6731435,"LEIRET","KRAKFOSS","NO",60.1335,11.0801,432
6731436,"LEIRET","KRINGLERDAL","NO",60.2363,10.9904,265
6731437,"ROTUA","ROTUA","NO",60.21,10.95,56
6731440,"FOSSELVA","HARASJOEN","NO",60.65,11.39,56
6731447,"NUMEDALSLAAGEN","BORGAI","NO",60.3071,9.0097,94
6731450,"LOSNA","LOSNA","NO",61.3334,10.2775,11210
6731453,"JON","AULESTAD","NO",61.2154,10.2693,866
6731455,"OTTA","LALM","NO",61.83,9.27,3982
6731465,"FINNA","SAELATUNGA","NO",61.8843,9.0612,455
6731470,"SUNDBYELV","SUNDBYFOSS","NO",59.517,10.1236,75
6731501,"GAULA","GAULFOSS","NO",63.1085,10.229,3079
6731502,"GAULA","EGGAFOSS","NO",62.8901,11.1839,654
6731520,"HORTEELVA","HORTE","NO",59.4314,9.1337,157
6731525,"HJARTDOELA","OMNESFOSS","NO",59.6117,8.9932,808
6731530,"FLISA","KNAPPOM","NO",60.63,12.03,1625
6731535,"TORSBJOERKA","MANNSETER","NO",63.35,11.67,95
6731550,"ARGARDSELV","OEYUNGEN","NO",64.25,11.08,237
6731555,"NAMSEN","BERTNEM","NO",64.4681,12.0587,5163
6731556,"NAMSEN","ISKVERNFOSS","NO",64.56,12.6,250
6731563,"LAERDALSELV","SMELDALSVATN","NO",61.14,8.01,154
6731564,"LAERDALSELV","LO BRU","NO",61.06,7.82,557
6731567,"RYSNA","RYSNA","NO",61.1685,8.716,51
6731571,"KLARAELVEN / TRYSILELVA","FEMUNDSENDEN","NO",61.92,11.94,1794
6731585,"NIGARDSELV","NIGARDSVATN","NO",61.4,7.72,66
6731590,"JORI","DOMBIS","NO",62.0871,9.1018,497
6731595,"LAGEN (NUMESDAL)","ROSTEN","NO",61.8586,9.4047,1834
6731600,"VEFSNA","UNKERVATN","NO",65.5,14.22,756
6731601,"VEFSNA","LAKFORS","NO",65.6215,13.2907,3650
6731610,"FUSTA","FUSTVATN","NO",65.9,13.3,520
6731620,"DRIVA","RISEFOSS","NO",62.5114,9.5926,745
6731625,"VINDOELA","SJURSBERGE","NO",62.98,8.92,167
6731635,"LINVASSELV","SAKSVATN","NO",64.92,13.48,64
6731640,"SVENNINGDALSELVA","KAPSKARMO","NO",65.41,13.31,475
6731645,"HUDDINGSELVA","LANDBRU LIMN","NO",64.8867,13.9164,61
6731680,"SALTELV","JUNKERDALSELV","NO",66.82,15.43,422
6731685,"KOBBELV","KOBBVATN","NO",67.6,16,386
6731690,"INNA","DILLSFOSS","NO",63.7642,11.7651,480
6731691,"INNA","INNSVATN","NO",63.66,12.21,97
6731715,"STRAUMSAGA","FORSBAKK","NO",66.293,13.8126,56
6731725,"LAKSELVA (NO; NORDLAND)","SKARSVATN","NO",67.084,14.9815,145
6731727,"RUSSA","JORDBRUFJELL","NO",66.9356,15.1465,70
6731730,"NORDFJORDELVA (NO; NORDLAND)","LAKSHOLA","NO",67.4507,15.7622,231
6731735,"LOMMERELV","STORVATN","NO",67.85,15.5,70
6731760,"JAEGERELV","JAEGERVATN","NO",69.73,19.85,94
6731765,"MANNDALSELV","MANNDALEN BRU","NO",69.5239,20.5256,200
6731770,"OKSFJORDELV","OKSFJORDVATN","NO",69.9002,21.3768,266
6731775,"KVAENANGSELVA","KVAENANGSELV BRU","NO",69.7334,22.1411,311
6731778,"BURFJORDELV","OVREFOSS","NO",69.94,22.05,169
6731780,"KVALSUNDELVA","KVALSUND","NO",70.4868,23.9533,125
6731790,"REPPARFJORDELVA","SKAIDEELV","NO",70.43,24.52,318
6731825,"HOEYA","HOEYDALSVATN","NO",61.67,8.13,78
6731830,"NOERA","NARSJO","NO",62.3613,11.4788,119
6731850,"MOELV","SALSVATN","NO",64.7054,11.4544,432
6731900,"LAKSELVA (NO; TROMS)","MEVATN","NO",69.23,17.78,178
6731905,"SALANGSELV","VASSAS","NO",68.88,17.88,580
6731906,"SALANGSELVA","OVREVATN","NO",68.8576,17.9411,526
6731907,"MAALSELV","MALANGSFOSS","NO",69.0349,18.6583,3239
6731910,"KAUTOKEINOELVA","MASI","NO",69.42,23.635,5626
6731920,"ALTAELVA","KISTA","NO",69.8263,23.5168,6187
6742200,"DANUBE RIVER","ORSOVA (1971:DROBATA-TURNU SEVERIN)","RO",44.7,22.42,576232
6742201,"DANUBE RIVER","BAZIAS","RO",44.8147,21.3794,570896
6742451,"OLT","CORNET","RO",45.385,24.2994,13733
6742452,"OLT","HOGHIZ","RO",45.9917,25.3006,7225
6742500,"DANUBE RIVER","ZIMNICEA","RO",43.6272,25.3544,658400
6742552,"JIU","PODARI","RO",44.2556,23.7894,9334
6742600,"PRUT","RADAUTI","RO",48.2408,26.8122,9074
6742700,"SIRET","LUNGOCI","RO",45.5559,27.5122,36030
6742701,"SIRET","DRAGESTI","RO",46.7258,26.9461,11899
6742900,"DANUBE RIVER","CEATAL IZMAIL","RO",45.2167,28.7167,807000
6742912,"IALOMITA","COSERENI","RO",44.6956,26.5783,6265
6744100,"CRISUL NEGRU","ZERIND","RO",46.6283,21.5181,3702
6744200,"MAROS","ARAD","RO",46.1608,21.3217,27280
6744201,"MAROS","ALBA IULIA","RO",46.0375,23.5817,18055
6744500,"SZAMOS","SATU MARE","RO",47.7872,22.8769,15385
6744600,"VISEUL","BISTRA","RO",47.8628,24.1931,1547
6830100,"PAATSJOKI","KAITAKOSKI - LAKE INARI OUTLET","FI",68.9087,28.4489,14575
6830101,"PAATSJOKI","NELLIMJOKI","FI",68.8502,28.3249,314
6830102,"PAATSJOKI","IVALOJOKI; PAJAKOSKI","FI",68.5546,27.2745,3345
6830103,"PAATSJOKI","REPOJOKI","FI",68.4456,25.938,645
6830104,"PAATSJOKI","JUUTUANJOKI","FI",68.8892,26.9252,5160
6830105,"PAATSJOKI","KETTUJOKI","FI",68.9191,26.7476,2215
6830510,"TANA (NO; FI)","UTSJOKI; PATONIVA","FI",69.7837,26.9995,1520
6830511,"TANA (NO; FI)","ONNELANSUVANTO","FI",69.912,27.027,10864
6830512,"TANA (NO; FI)","INARIJOKI; KARIGASNIEMI","FI",69.3957,25.8449,3133
6854100,"KOKEMAENJOKI","KALSINKOSI","FI",61.35,22.12,26025
6854101,"KOKEMAENJOKI","HARJAVALTA","FI",61.3375,22.1142,26117
6854102,"KOKEMAENJOKI","LEMPAEAELAE - KUOKKALANKOSKI","FI",61.3084,23.7498,8641
6854103,"KOKEMAENJOKI","TAMMERKOSKI","FI",61.5003,23.7629,7672
6854104,"KOKEMAENJOKI","MUROLEENKOSKI","FI",61.8542,23.9107,6102
6854105,"KOKEMAENJOKI","LOIMIJOKI; MAURIALANKOSKI","FI",61.1395,22.6913,2652
6854106,"KOKEMAENJOKI","SAEAEKSJAERVI - OUTLET","FI",61.3812,22.4678,688
6854107,"KOKEMAENJOKI","KITUSJAERVI - OUTLET","FI",62.2799,24.0392,546
6854108,"KOKEMAENJOKI","LEPPAESJAERVI - OUTLET","FI",61.8979,23.0615,444
6854109,"KOKEMAENJOKI","LIESJAERVI - OUTLET","FI",60.7063,23.927,128
6854150,"EURAJOKI","PAPPILANKOSKI","FI",61.203,21.7535,1229
6854151,"EURAJOKI","YLAENEENJOKI","FI",60.8724,22.4103,197
6854200,"LAPUANJOKI","KEPPO","FI",63.3615,22.6985,3949
6854210,"AHTAVANJOKI","HERRFORS","FI",63.6231,22.8804,2000
6854220,"PERHONJOKI","TUNKKARI","FI",63.4985,23.7564,1416
6854301,"LESTIJOKI","SAARENPAA","FI",63.9862,23.7608,1283
6854320,"PYHAJOKI","TOLPANKOSKI (PYHANKOSKI)","FI",64.3613,24.4,3408
6854500,"OULUJOKI","MERISKOSKI (NEAR THE MOUTH)","FI",65.0226,25.4734,22841
6854590,"OULUJOKI","LAKE LENTUA OUTLET","FI",64.1903,29.5838,2045
6854591,"OULUJOKI","OULUJAERVI; JYLHAEMAE (VAALA)","FI",64.5721,26.7815,19839
6854592,"OULUJOKI","LAMMASJAERVI - OUTLET","FI",64.1275,29.5026,3444
6854601,"IIJOKI","SUOLIJAERVI -OUTLET","FI",65.1445,28.069,1313
6854610,"KUIVAJOKI","RAVASKA","FI",65.6188,25.291,1279
6854620,"SIMOJOKI","SIMO","FI",65.6654,25.0894,3109
6854640,"KOUTAJOKI","OULANKAJOKI","FI",66.3693,29.3152,1986
6854700,"KEMIJOKI","ISOHAARA (NEAR THE MOUTH)","FI",65.7927,24.5453,50683
6854701,"KEMIJOKI","SEITAKORVA","FI",66.4757,27.353,27424
6854702,"KEMIJOKI","VALAJASKOSKI","FI",66.4241,25.5402,47425
6854703,"KEMIJOKI","VANTTAUSKOSKI","FI",66.3678,26.686,29021
6854705,"KEMIJOKI","KEMIHAARI","FI",67.1985,27.7855,8538
6854707,"KEMIJOKI","OUNASJOKI; KOENGAES","FI",67.8786,24.8444,4488
6854708,"KEMIJOKI","OLKKAJAERVI; PERMANTOKOSKI","FI",66.4928,26.127,3522
6854709,"KEMIJOKI","VIKAJAERVI - OUTLET","FI",66.6218,26.2195,3017
6854710,"KEMIJOKI","OUNASJOKI; MARRASKOSKI","FI",66.7949,25.4203,12303
6854711,"KEMIJOKI","JUMISKO","FI",66.5151,27.782,1283
6854712,"KEMIJOKI","UNARI - OUTLET","FI",67.1305,25.7473,1198
6854750,"TORNEAELVEN; TORNIONJOKI","MUONIONJOKI; MUONIO","FI",67.9457,23.6601,9259
6854752,"TORNEAELVEN; TORNIONJOKI","TENGELIOENJOKI; HAAPAKOSKI","FI",66.3813,23.784,3089
6854753,"TORNEAELVEN; TORNIONJOKI","KILPISJAERVI - OUTLET","FI",68.9384,20.8522,293
6854800,"KALAJOKI","NISKAKOSKI (NEAR THE MOUTH)","FI",64.2026,24.114,3065
6854900,"KYRONJOKI","SKATILA (LANSORSUND)","FI",63.092,21.8842,4833
6854950,"LAPVAEAERTINJOKI","PERUS","FI",62.2385,21.582,976
6855100,"VANTAA / VANDA A","OULUNKYLA (NEAR THE MOUTH)","FI",60.23,24.98,1680
6855200,"KYMIJOKI","ANJALA","FI",60.6984,26.8175,36275
6855201,"KYMIJOKI","JAEAESJAERVI - OUTLET","FI",61.5666,26.0448,1421
6855250,"KYMIJOKI","LEPPAEVESI; VAAJAKOSKI (HAAPAKOSKI)","FI",62.245,25.8879,17684
6855271,"KYMIJOKI","NILAKKA; AEYSKOSKI","FI",63.0118,26.6781,2157
6855272,"KYMIJOKI","KARANKAJAERVI - OUTLET","FI",62.7496,24.8423,409
6855280,"KYMIJOKI","VUOSJARVI; HUOPANANKOSKI","FI",63.0441,25.5252,2186
6855310,"VANTAANJOKI","OULUNKYLAE","FI",60.2378,24.9843,1680
6855330,"RAVIJOKI (GULF OF FINLAND)","RAVIJOKI","FI",60.5268,27.5566,57
6855400,"VUOKSI","VUOSKI; TAINIONKOSKI","FI",61.2107,28.7839,61061
6855402,"VUOKSI","KALLAVESI - KONNUS + KARVIO","FI",62.5499,27.7686,16270
6855408,"VUOKSI","KORPIJOKI","FI",63.7278,26.3691,122
6855412,"VUOKSI","LOHNAJAERVI - OUTLET","FI",61.8351,28.3028,788
6855500,"KARJAANJOKI","LOHJANJARVI-PELTOKOSKI","FI",60.1499,23.8337,1935
6864050,"STRUMA","MARINO POLE","BG",41.4167,23.35,10243
6864800,"MESTA (NESTOS)","KHADZHIDIMOVO","BG",41.525,23.8696,2260
6865600,"MARITSA","SVILENGRAD","BG",41.7667,26.2,20857
6934050,"ARUP A","AARUP","DK",56.89,8.49,105
6934100,"SKJERN A","AHLERGAARDE","DK",55.95,8.72,1040
6934200,"GUDENA","AASTEDBRO","DK",55.9,9.62,187
6934250,"GUDENA","TVILUMBRO","DK",56.24,9.67,1290
6934300,"UGGERBY A","ASTED BRO","DK",57.45,10.13,151
6934310,"LINDHOLM A","ELKAER BRO","DK",57.16,9.92,106
6934350,"RIBE A","STAVNAGER","DK",55.32,8.88,680
6934400,"ARHUS A","SKIBBY","DK",56.14,10.04,120
6934460,"LINDENBORG A","LINDENBORG BRO","DK",56.9,10.0333,214
6934500,"TRYGGEVAELDE A","LILLE LINDE","DK",55.33,12.22,131
6934530,"AMOSE A","BROMOELLE","DK",55.61,11.39,288
6934571,"SUSA","HOLLOESE MOELLE","DK",55.3,11.68,753
6934750,"ODENSE A","NEAR BROBY","DK",55.25,10.2167,302
6934800,"BREDE A","BREDEBRO","DK",55.06,8.83,292
6935020,"AARE","BERN-SCHOENAU","CH",46.9331,7.448,2945
6935052,"RHINE RIVER","BASEL; SCHIFFLAENDE","CH",47.5599,7.5884,35905
6935053,"RHINE RIVER","RHEINFELDEN; MESSSTATION","CH",47.5607,7.7999,34526
6935054,"RHINE RIVER","REKINGEN","CH",47.5704,8.33,14718
6935055,"RHINE RIVER","NEUHAUSEN; FLURLINGERBRUECKE","CH",47.6823,8.6259,11887
6935060,"BIRSE","MONTIER (LA CHARRUE)","CH",47.284,7.3823,183
6935065,"SUZE","SONCEBOZ","CH",47.1968,7.1722,150
6935070,"ERGOLZ","LIESTAL","CH",47.4881,7.7341,261
6935080,"GUERBE","BELP","CH",46.8852,7.5017,117
6935100,"MINSTER","EUTAL","CH",47.0806,8.8138,59
6935145,"RHINE RIVER","DOMAT/EMS","CH",46.8377,9.4561,3229
6935146,"RHINE RIVER","FELSBERG","CH",46.8439,9.4825,3249
6935300,"AARE","UNTERSIGGENTHAL; STILLI","CH",47.5166,8.2348,17601
6935301,"AARE","BRUGG","CH",47.4825,8.1949,11726
6935302,"AARE","MURGENTHAL","CH",47.2666,7.8306,10119
6935310,"REUSS","MELLINGEN","CH",47.421,8.2713,3382
6935313,"KLEINE EMME","LITTAU (REUSSBUEHL)","CH",47.0667,8.2841,477
6935320,"EMME","EMMENMATT","CH",46.9545,7.7488,443
6935330,"SIMME","OBERWIL","CH",46.655,7.4394,344
6935350,"SENSE","THOERISHAUS","CH",46.8883,7.3514,352
6935360,"LANGETEN","LOTZWIL","CH",47.1892,7.7928,115
6935361,"LANGETEN","HUTTWIL (HAEBERENBAD)","CH",47.1225,7.8282,60
6935370,"BIBERE","KERZERS","CH",46.969,7.1926,50
6935390,"BROYE","PAYERNE","CH",46.8359,6.9361,392
6935400,"THUR (CH)","ANDELFINGEN","CH",47.5965,8.682,1696
6935401,"THUR (CH)","HALDEN","CH",47.5058,9.2116,1085
6935402,"THUR (CH)","JONSCHWIL; MUEHLAU","CH",47.4137,9.0775,493
6935404,"THUR (CH)","STEIN (ILTISHAG)","CH",47.1912,9.2336,84
6935410,"SITTER","ST. GALLEN; BRUGGEN/AU","CH",47.4144,9.3275,261
6935412,"SITTER","APPENZELL","CH",47.332,9.4106,74
6935420,"URNAESCH","HUNDWIL","CH",47.3391,9.2935,64
6935430,"NECKER","MOGELSBERG (AACHSAEGE)","CH",47.3642,9.1214,88
6935460,"MURG","WAENGI","CH",47.4963,8.953,79
6935500,"RHINE RIVER","DIEPOLDSAU; RIETBRUECKE","CH",47.3831,9.6409,6119
6935510,"HINTERRHEIN","HINTERRHEIN","CH",46.5297,9.2046,54
6935540,"LANDQUART","FELSENBACH","CH",46.9746,9.6121,616
6935541,"LANDQUART","KLOSTERS","CH",46.858,9.9369,112
6935545,"TASCHINASBACH","GRUESCH","CH",46.9876,9.6464,63
6935560,"TOESS","NEFTENBACH","CH",47.5188,8.653,342
6935570,"ENGELBERGER AA","ENGELBERG","CH",46.8166,8.3959,85
6935590,"MUOTA","INGENBOHL","CH",47.0004,8.5988,316
6935600,"PLESSUR","CHUR","CH",46.8598,9.5105,263
6939050,"RHONE","CHANCY; AUX RIPES","CH",46.153,5.9707,10323
6939120,"MENTUE","YVONAND (LA MAUGUETTAZ)","CH",46.7768,6.7242,105
6939200,"RHONE","PORTE DU SCEX","CH",46.3495,6.8886,5244
6939205,"GRANDE EAU","AIGLE","CH",46.3189,6.9709,132
6939500,"RHONE","BRANSON","CH",46.1257,7.0913,3752
6939510,"MASSA","BLATTEN BEI NATTERS","CH",46.3856,8.0067,195
6939520,"LONZA","BLATTEN","CH",46.4189,7.8175,78
6939540,"LUETSCHINE","GSTEIG","CH",46.6642,7.8715,379
6939541,"WEISSE LUETSCHINE","ZWEILUETSCHINEN","CH",46.6313,7.8997,164
6939550,"SALTINA","BRIG","CH",46.3167,7.9868,78
6942100,"PRUT","CHERNIVTSI","UA",48.3,25.9333,6890
6942200,"SIRET","STOROZHYNETS","UA",48.1675,25.7192,672
6943100,"INN","MARTINSBRUCK","CH",46.8858,10.4654,1945
6943115,"OVA DAL FUORN","ZERNEZ","CH",46.6551,10.19,55
6943150,"BERNINABACH","PONTRESINA","CH",46.4864,9.9062,107
6943160,"ROSEGBACH","PONTRESINA","CH",46.4899,9.8982,66
6943170,"CHAMUERABACH","LA PUNT - CHAMUES (CH)","CH",46.5693,9.936,73
6944200,"TISZA","RAKHIV","UA",48.0537,24.2096,1070
6948100,"TICINO","BELLINZONA","CH",46.1938,9.0093,1515
6948110,"POSCHIAVINO","LE PRESE","CH",46.2954,10.08,169
6948120,"MAGGIA (TRIB. PO)","LOCARNO; SOLDUNO","CH",46.1683,8.7736,926
6948150,"CASSARATE","PREGASSONA","CH",46.0175,8.9625,74
6956100,"MUSA","ZILPAMUSIS","LT",56.1,24.45,5007
6958100,"BUG","KAMENKA BUGSKAYA","UA",50.1,24.35,2260
6972010,"LEVAJOKI","PAIUBA","EE",59.38,24.97,84
6972050,"PAERNU JOGI","OREKULA","EE",58.47,24.77,5180
6972200,"EMAJOGI","TARTU","EE",58.3661,26.7361,7850
6972300,"SOROT","OSINKINA","RU",57.1,29.2333,3170
6972350,"NARVA JOGI","NARVA (HEP)","EE",59.3772,28.1903,56000
6972400,"LUGA","TOLMACHEVO","RU",58.8575,29.9067,5990
6973010,"VENTA","KULDIGA","LV",56.9667,21.9833,8320
6973100,"GAUJA","VALMIERA","LV",57.55,25.4,6280
6973300,"DAUGAVA","DAUGAVPILS","LV",55.8833,26.5333,64500
6973400,"LIELUPE","MEZOTNE","LV",56.4417,24.0544,9390
6973900,"MYADELKA","RUSAKI","BY",55.1833,26.8,462
6974011,"VILNIA","VILNIUS","LT",54.6833,25.3167,623
6974100,"MINIJA","KARTENA","LT",55.9211,21.4769,1220
6974150,"NEMUNAS - NEMAN","SMALININKAI","LT",55.0756,22.5797,81200
6974200,"SESUPE - SHESHUPE","KALVARIJA","LT",54.4,23.2333,444
6974201,"SESUPE - SHESHUPE","KUDIRKOS NAUMIESTIS","LT",54.7731,22.8631,3180
6974300,"NEVEZIS","DASIUNAI","LT",55.1667,23.85,5510
6974350,"NERIS","JONAVA","LT",55.0833,24.2833,24500
6974360,"SVENTOJI (TRIB. NEMAN)","UKMERGE","LT",55.25,24.75,5380
6974550,"MOLCHAD","MOLCHAD","BY",53.3167,25.7,211
6979250,"GUYVA","GORODKOVKA","UA",49.9167,29,312
6980400,"ROS","KRUPODERENTSY","UA",49.5,29.3333,618
6981500,"RAUTEL","BALTI (BELTSY)","MD",47.7617,27.9289,1040
6981800,"DNIESTR","TIGHINA (BENDERY)","MD",46.8306,29.4711,66100
7001438,"LANDRO","CHAVIN","ES",43.6194444444,-7.59,198
7001433,"ORO","SAN ACISCLO","ES",43.5580555555999,-7.37611111111,163
7001346,"NALON","GRADO","ES",43.4038888888999,-6.03888888889,2637
7001237,"BESAYA","TORRELAVEGA","ES",43.3538888889,-4.0625,463
7001268,"DEVA","PUENTELLES","ES",43.3183333332999,-4.60583333333,643
7001215,"PAS","PUENTE VIESGO","ES",43.3025,-3.96583333333,357
7001369,"CAUDAL","PARTEAYER","ES",43.2844444444,-5.87444444444,893
7001103,"DEVA","ALZOLA","ES",43.2305555555999,-2.39972222222,456
7001485,"ALLONES","ANLLONS","ES",43.2288888889,-8.88527777778,438
7001175,"HERRERIAS","SODUPE","ES",43.2022222222,-3.04444444444,255
7001617,"PARGA","GUITIRIZ","ES",43.1733333333,-7.79222222222,301
7001519,"TAMBRE","PORTOMOURO","ES",42.9602777778,-8.64472222222,1146
7009254,"TRUEBA","MEDINA DE POMAR","ES",42.9313888889,-3.47888888889,465
7009067,"ULZAMA","OLAVE","ES",42.8916666666999,-1.60527777778,240
7009268,"ESCA","ISABA","ES",42.8602777778,-0.926111111111,188
7009093,"OCA","OÑA","ES",42.7363888889,-3.4125,1051
7009161,"EBRO","PALAZUELOS","ES",42.7927777777999,-3.34194444444,4530
7009019,"GARONA","BOSSOST","ES",42.7383333332999,0.737222222222,440
7001626,"SARRIA","SARRIA","ES",42.7572222221999,-7.38305555556,129
7009064,"SALAZAR","ASPURZ","ES",42.7152777777999,-1.15916666667,396
7009143,"GARONA","ARTIES","ES",42.7022222222,0.875833333333,137
7009070,"UREDERRA","ERAUL","ES",42.6944444443999,-2.04777777778,309
7009001,"EBRO","MIRANDA DE EBRO","ES",42.6888888889,-2.95416666667,5481
7009165,"BAYAS","MIRANDA DE EBRO","ES",42.6899999999999,-2.92666666667,318
7002104,"CEA","ALMANZA","ES",42.6619444444,-5.03277777778,355
7001724,"CUA","QUILOS","ES",42.6472222222,-6.73055555556,482
7009065,"IRATI","LIEDENA","ES",42.6247222221999,-1.29361111111,1546
7001727,"BURBIA","TORAL DE LOS VADOS","ES",42.5458333333,-6.78583333333,492
7009171,"CINQUETA","MOLINO DE GISTAIN","ES",42.6147222222,0.348333333333,100
7001564,"UMIA","CALDAS DE REIS","ES",42.6036111111,-8.64055555556,190
7009018,"ARAGON","JACA","ES",42.5797222221999,-0.553055555556,238
7009050,"TIRON","CUZCURRITA","ES",42.5372222222,-2.97472222222,698
7009130,"NOGUERA RIBAGORZANA","GINASTE","ES",42.4972222222,0.716111111111,149
7009149,"EBRO","CORTIJO, EL","ES",42.4858333333,-2.52916666667,10356
7009131,"NOGUERA DE TOR","LLESP","ES",42.4527777778,0.756388888889,225
7001751,"SIL","SEQUEIROS","ES",42.4586111110999,-7.25083333333,6243
7009020,"CAROL O ARABO","PUIGCERDA","ES",42.4477777777999,1.91,145
7001769,"SIL","SAN PEDRO","ES",42.4444444443999,-7.71388888889,7982
7009258,"ESERA","CAMPO","ES",42.4258333332999,0.388888888889,540
7009051,"CINCA","ESCALONA","ES",42.4791666667,0.151388888889,835
7009120,"EBRO","MENDAVIA","ES",42.4169444444,-2.20416666667,12010
7009021,"SEGRE","PUIGCERDA","ES",42.4247222222,1.93444444444,297
7001739,"SIL","BARCO DE VALDEORRAS","ES",42.4177777777999,-6.96138888889,4268
7001768,"SIL","SAN ESTEBAN","ES",42.4163888889,-7.65027777778,7216
7001734,"CABRERA","PUENTE DE DOMINGO FLOREZ","ES",42.4158333333,-6.80888888889,558
7009123,"GALLEGO","ANZANIGO","ES",42.4052777778,-0.650277777778,1391
7009158,"TIRON","SAN MIGUEL DE PEDROSO","ES",42.3875,-3.21194444444,192
7002073,"CEA","SAHAGUN","ES",42.3716666667,-5.03666666667,725
7009022,"VALIRA","SEO DE URGEL","ES",42.3616666667,1.45416666667,559
7002041,"UCIEZA","VILLALCAZAR DE SIRGA","ES",42.3233333332999,-4.5225,312
7009004,"ARGA","FUNES","ES",42.3158333332999,-1.8,2759
7001747,"BIBEY","BAO (LAS ERMITAS)","ES",42.2922222222,-7.13722222222,794
7002040,"CARRION","VILLOLDO","ES",42.2505555556,-4.59888888889,973
7009111,"SEGRE","ORGAÑA","ES",42.2305555555999,1.34444444444,2384
7002089,"ERIA","MORLA","ES",42.2236111110999,-6.25111111111,280
7009002,"EBRO","CASTEJON","ES",42.1811111111,-1.69333333333,25194
7009190,"FLUMEN","QUICENA","ES",42.1447222222,-0.345277777778,160
7009035,"IREGUA","VILLOSLADA DE CAMEROS","ES",42.1269444444,-2.65194444444,285
7009192,"GUATIZALEMA","SIETAMO","ES",42.1255555556,-0.265555555556,135
7009142,"PIQUERAS - LUMBRERAS","LUMBRERAS","ES",42.1013888888999,-2.62083333333,113
7002082,"ERIA","MORALES DEL REY","ES",42.0588888889,-5.75972222222,650
7009083,"SEGRE","OLIANA","ES",42.0905555555999,1.29388888889,2700
7009091,"ALCANADRE","LASCELLAS","ES",42.0886111111,-0.108333333333,501
7002042,"CARRION","PALENCIA","ES",42.0519444444,-4.55361111111,2222
7009139,"LINARES","IGEA","ES",42.0755555555999,-2.01,326
7001647,"LOURO","TUY","ES",42.0677777778,-8.63472222222,150
7009162,"EBRO","PIGNATELLI","ES",42.0216666667,-1.55527777778,26427
7009043,"LINARES","SAN PEDRO MANRIQUE","ES",42.0205555555999,-2.22166666667,105
7002000,"REVINUESA","VINUESA","ES",41.9125,-2.75666666667,126
7009104,"SEGRE","ALOS DE BALAGUER","ES",41.9127777778,0.96,4318
7009103,"SEGRE","CAMARASA","ES",41.8863888889,0.878611111111,7160
7009096,"SEGRE","BALAGUER","ES",41.7941666667,0.808333333333,7796
7009011,"EBRO","ZARAGOZA","ES",41.6597222222,-0.879722222222,40434
7002126,"VALDERADUEY","VILLARDIGA","ES",41.7736111111,-5.49722222222,1462
7002013,"DUERO","ARANDA DE DUERO","ES",41.6552777778,-3.67916666667,7356
7009024,"SEGRE","LERIDA","ES",41.6236111110999,0.643888888889,11369
7002093,"DUERO","PUENTE PINO","ES",41.5777777778,-6.185,63160
7002015,"DUERO","HERRERA DE DUERO","ES",41.5661111111,-4.665,12740
7009017,"CINCA","FRAGA","ES",41.5255555556,0.347777777778,9612
7002062,"DUERO","TORO","ES",41.5163888889,-5.41138888889,41808
7002066,"DUERO","CARRASCAL","ES",41.4883333332999,-5.81333333333,46700
7002004,"DUERO","GORMAZ","ES",41.4877777777999,-3.00916666667,5055
7009025,"SEGRE","SEROS","ES",41.4527777778,0.4175,12782
7002048,"ERESMA","OLMEDO","ES",41.3258333332999,-4.61861111111,2746
7009112,"EBRO","SASTAGO","ES",41.3294444444,-0.373888888889,48974
7009126,"JALON","ATECA","ES",41.3241666667,-1.79944444444,3619
7009147,"NAJIMA","MONREAL DE ARIZA","ES",41.3091666667,-2.115,465
7009163,"EBRO","ASCO COCA","ES",41.1869444443999,0.570833333333,82245
7009121,"EBRO","FLIX","ES",41.2283333333,0.550833333333,82416
7009215,"HUERVA","CERVERUELA","ES",41.2169444443999,-1.21166666667,315
7009138,"AGUAS VIVAS","MONEVA - C.E.","ES",41.1322222221999,-0.8375,296
7002050,"ERESMA","SEGOVIA","ES",40.9505555555999,-4.14777777778,252
7009027,"EBRO","TORTOSA","ES",40.8144444444,0.521944444444,84230
7002120,"ALHANDIGA","SALVATIERRA","ES",40.6697222222,-5.65361111111,118
7003268,"CABRILLAS","TARAVILLAS","ES",40.6808333333,-1.96472222222,206
7003270,"OMPOLVEDA","PAREJA","ES",40.5566666667,-2.65555555556,117
7009088,"FORTANETE","PITARQUE","ES",40.6272222221999,-0.598611111111,279
7003263,"MANZANARES","PARDO, EL","ES",40.5399999999999,-3.78777777778,520
7008126,"JUCAR","VENTA DE JUAN ROMERO","ES",40.2230555555999,-1.84722222222,250
7003940,"ALAGON","GALISTEO","ES",39.9836111110999,-6.30305555556,2672
7008119,"MIJARES","SICHAR SALIDA EMBALSE","ES",40,-0.230277777778,2490
7008005,"MIJARES","VILLARREAL","ES",39.9611111111,-0.120833333333,2504
7008090,"CABRIEL","PAJARONCILLO","ES",39.9416666667,-1.70972222222,829
7003904,"TAJO","TOLEDO","ES",39.8736111110999,-3.98944444444,24788
7008087,"MARIMOTA","BELMONTEJO","ES",39.8194444443999,-2.34361111111,187
7008018,"TURIA O GUADALAVIAR","ZAGRA","ES",39.8413888888999,-1.145,4052
7003285,"TAJO","CEDILLO","ES",39.6652777778,-7.53888888889,57964
7003279,"TOZO","TRUJILLO","ES",39.6069444444,-5.90861111111,260
7003250,"MAGASCA","TRUJILLO","ES",39.4586111110999,-5.92472222222,231
7008025,"TURIA O GUADALAVIAR","PRESA, LA","ES",39.5225,-0.504444444444,6294
7003278,"ALBURREL","VALENCIA DE ALCANTARA","ES",39.4677777778,-7.20527777778,169
7003246,"AYUELA","AYUELA","ES",39.3355555556,-6.48638888889,252
7004213,"GUADALUPEJO","VALDECABALLEROS","ES",39.3080555555999,-5.16277777778,303
7004205,"ZANCARA","ALCAZAR","ES",39.31,-3.15416666667,5506
7008089,"JUCAR","HUERTO MULET","ES",39.1894444444,-0.408611111111,21497
7004253,"RUECAS","RENA","ES",39.0455555555999,-5.80305555556,1810
7004014,"GUADIANA","VILLANUEVA DE LA SERENA","ES",39.0208333332999,-5.79972222222,34771
7004013,"GUADIANA","ORELLANA","ES",39.0197222222,-5.64888888889,26125
7004105,"ZUJAR","VILLANUEVA DE LA SERENA","ES",39.0016666666999,-5.75722222222,8508
7004009,"GUADIANA","LUCIANA","ES",38.9841666666999,-4.30555555556,21072
7004015,"GUADIANA","MERIDA","ES",38.9149999999999,-6.34861111111,41924
7004008,"GUADIANA","BALBUENA O VALBUENA","ES",38.8941666667,-4.11388888889,18816
7008029,"ALBAIDA","MONTABERNER","ES",38.8927777777999,-0.494166666667,320
7004165,"ALBUERA","TALAVERA LA REAL","ES",38.8813888888999,-6.775,430
7004018,"GUADIANA","PUENTE DE PALMAS","ES",38.8836111111,-6.97583333333,48515
7004030,"GUADIANA","AZUD DE BADAJOZ","ES",38.8633333332999,-7.01611111111,48530
7004019,"GUADIANA","BENAVIDES","ES",38.8413888888999,-7.07694444444,48570
7004101,"AZUER","VALLEHERMOSO","ES",38.8472222222,-3.14916666667,470
7005138,"OJAILEN","PUERTOLLANO","ES",38.6605555555999,-4.01777777778,228
7007028,"SEGURA","ORIHUELA","ES",38.0877777778,-0.954722222222,13603
7005065,"GUADALQUIVIR","MARMOLEJO","ES",38.0613888888999,-4.16944444444,19571
7005066,"GUADALQUIVIR","CASAS NUEVAS","ES",38.0249999999999,-4.21444444444,20122
7005063,"GUADALQUIVIR","VALTODANO","ES",38.0169444444,-3.99416666667,16825
7005141,"ARENOSO","MONTORO","ES",38.0419444444,-4.4275,407
7005101,"GUADALIMAR","CARR. TORREBLASCOPEDRO","ES",38.0177777777999,-3.63527777778,5131
7005069,"GUADALQUIVIR","CARPIO, EL","ES",37.9763888888999,-4.49222222222,22706
7005067,"GUADALQUIVIR","VEGA, LA","ES",38.0147222222,-4.32833333333,21961
7005004,"GUADALQUIVIR","MENGIBAR","ES",37.9855555556,-3.79861111111,16166
7005062,"GUADALQUIVIR","MENGIBAR","ES",37.9830555555999,-3.80277777778,15511
7005070,"GUADALQUIVIR","CORDOBA","ES",37.8816666666999,-4.77111111111,24704
7005071,"GUADALQUIVIR","POSADAS","ES",37.7999999999999,-5.07305555556,29348
7005081,"GUADAJOZ O ALMEDINILLA","CASTRO DEL RIO","ES",37.6922222222,-4.50222222222,1665
7004172,"MALAGON","PAYMOGO","ES",37.6972222221999,-7.27861111111,250
7005008,"GUADALQUIVIR","CANTILLANA","ES",37.5908333332999,-5.82861111111,44002
7005048,"GENIL","ECIJA","ES",37.5594444444,-5.07638888889,8028
7005072,"GUADALQUIVIR","ALCALA DEL RIO","ES",37.5194444444,-5.97555555556,46134
7005056,"GUADIAMAR","GERENA","ES",37.5249999999999,-6.18833333333,240
7005097,"ANZUR","PUENTE DE LOS PIEDROS","ES",37.3713888889,-4.60222222222,314
7005057,"GUADAIRA","GUADAIRA ENCAUZAMIENTO","ES",37.3544444444,-5.95805555556,1318
7005076,"GUADIAMAR","AZNALCAZAR PUENTE","ES",37.3041666666999,-6.25861111111,960
